MAG,Phylum,Class,Order,Family,Genus,Species
MAG0001,Bacillota,Clostridia,Lachnospirales,Lachnospiraceae,Oliverpabstia,sp022764165
MAG0003,Bacteroidota,Bacteroidia,Bacteroidales,Bacteroidaceae,Bacteroides,fragilis
MAG0006,Bacillota,Clostridia,Oscillospirales,Oscillospiraceae,Faecousia,sp022786965
MAG0007,Bacillota,Clostridia,Oscillospirales,Oscillospiraceae,Evtepia,sp
MAG0009,Bacteroidota,Bacteroidia,Bacteroidales,Bacteroidaceae,Prevotella,pectinovora
MAG0011,Bacillota,Clostridia,Oscillospirales,Acutalibacteraceae,RUG806,sp016297645
MAG0015,Bacillota,Clostridia,Oscillospirales,Oscillospiraceae,Limivicinus,sp
MAG0020,Spirochaetota,Spirochaetia,Sphaerochaetales,Sphaerochaetaceae,Ornithospirochaeta,sp016302165
MAG0022,Bacteroidota,Bacteroidia,Bacteroidales,Tannerellaceae,Parabacteroides,sp022775005
MAG0024,Bacillota,Clostridia,Christensenellales,CAG-138,SFEL01,sp004557245
MAG0025,Bacillota,Clostridia,Oscillospirales,Oscillospiraceae,Faecousia,sp022786965
MAG0026,Bacillota,Clostridia,Oscillospirales,Oscillospiraceae,Faecousia,sp022775085
MAG0031,Bacillota,Clostridia,Lachnospirales,Lachnospiraceae,CAKRHR01,sp022770525
MAG0032,Campylobacterota,Campylobacteria,Campylobacterales,Helicobacteraceae,Helicobacter,sp022766795
MAG0033,Bacillota,Clostridia,Lachnospirales,Anaerotignaceae,Anaerotignum,sp004557645
MAG0035,Bacillota,Negativicutes,Selenomonadales,Selenomonadaceae,Mitsuokella,jalaludinii
MAG0036,Bacillota,Clostridia,Oscillospirales,Ruminococcaceae,CAG-353,sp945867875
MAG0037,Actinomycetota,Coriobacteriia,Coriobacteriales,Coriobacteriaceae,Collinsella,sp002391315
MAG0038,Campylobacterota,Campylobacteria,Campylobacterales,Campylobacteraceae,Campylobacter,sp945873855
MAG0040,Bacillota,Clostridia,Lachnospirales,Lachnospiraceae,Coprococcus,sp
MAG0041,Bacillota,Clostridia,Oscillospirales,Oscillospiraceae,Faecousia,sp
MAG0042,Bacteroidota,Bacteroidia,Bacteroidales,Bacteroidaceae,Alloprevotella,sp004552195
MAG0043,Bacillota,Clostridia,Oscillospirales,Oscillospiraceae,Faecousia,sp022781505
MAG0044,Bacteroidota,Bacteroidia,Bacteroidales,Bacteroidaceae,Prevotella,sp900552515
MAG0045,Bacteroidota,Bacteroidia,Bacteroidales,Muribaculaceae,CAG-485,sp905214735
MAG0046,Bacillota,Clostridia,Oscillospirales,Acutalibacteraceae,CAG-177,sp003514385
MAG0047,Bacillota,Clostridia,Lachnospirales,Lachnospiraceae,Blautia,sp003471165
MAG0048,Bacillota,Clostridia,Oscillospirales,Ruminococcaceae,Gemmiger,sp900545545
MAG0049,Bacillota,Clostridia,Oscillospirales,Acutalibacteraceae,CAG-217,sp000436335
MAG0050,Bacillota,Clostridia,Lachnospirales,Lachnospiraceae,Blautia,obeum
MAG0051,Bacillota,Clostridia,Lachnospirales,Lachnospiraceae,UBA629,sp900316625
MAG0052,Bacillota,Clostridia,Oscillospirales,Oscillospiraceae,Faecousia,sp016302405
MAG0053,Bacillota,Clostridia,Oscillospirales,Acutalibacteraceae,CAG-177,sp003514385
MAG0055,Bacillota,Clostridia,Oscillospirales,Oscillospiraceae,Faecousia,sp017622995
MAG0056,Bacillota,Clostridia,Oscillospirales,Acutalibacteraceae,Eubacterium,sp
MAG0059,Bacillota,Clostridia,Oscillospirales,Oscillospiraceae,F23-B02,sp004558025
MAG0063,Spirochaetota,Spirochaetia,Treponematales,Treponemataceae,Treponema,sp022773305
MAG0068,Bacillota,Clostridia,Oscillospirales,Oscillospiraceae,Vescimonas,sp004555205
MAG0073,Spirochaetota,Brachyspirae,Brachyspirales,Brachyspiraceae,Brachyspira,intermedia
MAG0074,Bacillota,Clostridia,Christensenellales,CAG-917,CAG-475,sp900548005
MAG0079,Deferribacterota,Deferribacteres,Deferribacterales,Mucispirillaceae,Mucispirillum,sp944324495
MAG0080,Bacillota,Clostridia,Oscillospirales,Ruminococcaceae,Negativibacillus,sp900547015
MAG0081,Bacillota,Clostridia,Oscillospirales,Oscillospiraceae,Dysosmobacter,sp001916835
MAG0082,Spirochaetota,Spirochaetia,Treponematales,Treponemataceae,Treponema,excrementipullorum
MAG0084,Bacillota,Clostridia,Lachnospirales,Lachnospiraceae,Agathobacter,sp905209075
MAG0085,Bacillota,Clostridia,Oscillospirales,Acutalibacteraceae,Eubacterium,sp900542875
MAG0088,Bacillota,Clostridia,Christensenellales,CAG-74,Ventricola,sp004557905
MAG0089,Bacillota,Clostridia,Christensenellales,CAG-138,PeH17,sp004556165
MAG0092,Spirochaetota,Spirochaetia,Treponematales,Treponemataceae,Treponema,sp016293005
MAG0093,Spirochaetota,Spirochaetia,Treponematales,Treponemataceae,Treponema,sp018384055
MAG0095,Campylobacterota,Campylobacteria,Campylobacterales,Campylobacteraceae,Campylobacter,sp945873855
MAG0098,Bacteroidota,Bacteroidia,Bacteroidales,UBA3663,UBA3663,sp016293065
MAG0099,Bacillota,Clostridia,Oscillospirales,Acutalibacteraceae,UBA6857,sp
MAG0101,Bacillota,Clostridia,Oscillospirales,Acutalibacteraceae,UBA1417,sp003531055
MAG0103,Pseudomonadota,Alphaproteobacteria,UBA3830,UBA3830,UBA3830,sp
MAG0107,Bacillota,Clostridia,Lachnospirales,Lachnospiraceae,Blautia,wexlerae
MAG0108,Bacillota,Clostridia,Oscillospirales,Ruminococcaceae,CAG-115,sp
MAG0109,Bacillota,Clostridia,Oscillospirales,Acutalibacteraceae,Eubacterium,sp022772725
MAG0113,Bacillota,Clostridia,Oscillospirales,Oscillospiraceae,Faecousia,sp004555705
MAG0114,Campylobacterota,Campylobacteria,Campylobacterales,Campylobacteraceae,Campylobacter,sp002139915
MAG0118,Bacteroidota,Bacteroidia,Bacteroidales,Bacteroidaceae,Alloprevotella,sp004556745
MAG0122,Bacillota,Clostridia,Oscillospirales,Ruminococcaceae,Faecalibacterium,sp900539885
MAG0127,Bacillota,Clostridia,Oscillospirales,Oscillospiraceae,Vescimonas,sp004557655
MAG0129,Bacillota,Clostridia,Lachnospirales,Lachnospiraceae,Blautia,sp900066505
MAG0131,Bacteroidota,Bacteroidia,Bacteroidales,Bacteroidaceae,Prevotella,sp022788105
MAG0134,Bacillota,Clostridia,Lachnospirales,Lachnospiraceae,Agathobacter,sp900317585
MAG0136,Bacillota,Bacilli,Erysipelotrichales,Erysipelotrichaceae,Bulleidia,sp900539965
MAG0140,Campylobacterota,Campylobacteria,Campylobacterales,Campylobacteraceae,Campylobacter,sp945873855
MAG0142,Bacillota,Clostridia,Christensenellales,CAG-917,CAG-349,sp001940895
MAG0145,Bacteroidota,Bacteroidia,Bacteroidales,Bacteroidaceae,Alloprevotella,sp004555425
MAG0146,Bacillota,Clostridia,Oscillospirales,Acutalibacteraceae,Eubacterium,sp900542875
MAG0149,Bacillota,Clostridia,Lachnospirales,Lachnospiraceae,JALFVM01,sp022787145
MAG0150,Desulfobacterota,Desulfovibrionia,Desulfovibrionales,Desulfovibrionaceae,Desulfovibrio,sp900556755
MAG0154,Bacillota,Bacilli,Erysipelotrichales,Erysipelotrichaceae,UBA636,sp900546285
MAG0155,Bacteroidota,Bacteroidia,Bacteroidales,Bacteroidaceae,Bacteroides,caccae
MAG0156,Bacteroidota,Bacteroidia,Bacteroidales,Bacteroidaceae,Alloprevotella,sp004557185
MAG0157,Bacillota,Clostridia,Oscillospirales,Ruminococcaceae,Gemmiger,sp
MAG0158,Bacteroidota,Bacteroidia,Bacteroidales,Bacteroidaceae,Alloprevotella,sp004558535
MAG0159,Spirochaetota,Spirochaetia,Treponematales,Treponemataceae,Treponema,sp
MAG0164,Bacillota,Clostridia,Peptostreptococcales,Anaerovoracaceae,CAG-238,sp945828095
MAG0165,Bacteroidota,Bacteroidia,Bacteroidales,Paludibacteraceae,RGIG9608,sp017456885
MAG0166,Bacteroidota,Bacteroidia,Bacteroidales,Bacteroidaceae,Prevotella,sp002251435
MAG0170,Bacillota,Clostridia,Lachnospirales,Lachnospiraceae,CAG-95,sp945868485
MAG0172,Bacillota,Bacilli,Erysipelotrichales,Erysipelotrichaceae,Bulleidia,sp022767445
MAG0173,Actinomycetota,Actinomycetia,Actinomycetales,Actinomycetaceae,Pauljensenia,hyovaginalis
MAG0175,Pseudomonadota,Gammaproteobacteria,Burkholderiales,Burkholderiaceae,Comamonas,kerstersii
MAG0176,Actinomycetota,Actinomycetia,Actinomycetales,Actinomycetaceae,Arcanobacterium,sp022778805
MAG0177,Campylobacterota,Campylobacteria,Campylobacterales,Helicobacteraceae,NHYM01,sp017508245
MAG0178,Campylobacterota,Campylobacteria,Campylobacterales,Campylobacteraceae,Campylobacter,sp945873855
MAG0181,Bacillota,Clostridia,Oscillospirales,Acutalibacteraceae,CAG-177,sp003514385
MAG0182,Bacillota,Clostridia,Christensenellales,UBA3700,HGM11368,sp
MAG0184,Spirochaetota,Spirochaetia,Treponematales,Treponemataceae,Treponema,sp016293645
MAG0185,Spirochaetota,Spirochaetia,Treponematales,Treponemataceae,Treponema,succinifaciens
MAG0186,Bacillota,Clostridia,Lachnospirales,Lachnospiraceae,JALENY01,sp022767285
MAG0188,Bacillota,Clostridia,Oscillospirales,Oscillospiraceae,Faecousia,sp004562395
MAG0190,Bacillota,Clostridia,Oscillospirales,Acutalibacteraceae,Eubacterium,sp
MAG0192,Pseudomonadota,Gammaproteobacteria,Pseudomonadales,Moraxellaceae,Acinetobacter,pseudolwoffii
MAG0195,Bacteroidota,Bacteroidia,Bacteroidales,Bacteroidaceae,Alloprevotella,sp004552865
MAG0197,Bacteroidota,Bacteroidia,Bacteroidales,Muribaculaceae,SFTJ01,sp
MAG0198,Bacillota,Clostridia,Oscillospirales,Oscillospiraceae,CAG-170,sp002404795
MAG0199,Bacteroidota,Bacteroidia,Bacteroidales,Bacteroidaceae,Alloprevotella,sp945869305
MAG0201,Bacillota,Clostridia,Oscillospirales,Acutalibacteraceae,Eubacterium,sp945876745
MAG0203,Bacillota,Clostridia,Oscillospirales,Butyricicoccaceae,Butyricicoccus,sp022775385
MAG0204,Bacteroidota,Bacteroidia,Bacteroidales,Tannerellaceae,Parabacteroides,sp
MAG0209,Bacteroidota,Bacteroidia,Bacteroidales,Paludibacteraceae,RF16,sp016302585
MAG0211,Bacillota,Bacilli,Lactobacillales,Enterococcaceae,Enterococcus,faecium
MAG0212,Bacillota,Clostridia,Lachnospirales,Lachnospiraceae,SFDP01,sp004558185
MAG0213,Bacillota,Clostridia,Oscillospirales,Acutalibacteraceae,Eubacterium,sp
MAG0215,Bacillota,Clostridia,Oscillospirales,Acutalibacteraceae,Eubacterium,sp
MAG0216,Bacillota,Bacilli,RF39,UBA660,CAJGDV01,sp022763805
MAG0218,Pseudomonadota,Gammaproteobacteria,Pseudomonadales,Pseudomonadaceae,Pseudomonas,putida
MAG0221,Bacillota,Bacilli,Erysipelotrichales,Erysipelotrichaceae,Bulleidia,sp
MAG0226,Bacteroidota,Bacteroidia,Bacteroidales,Bacteroidaceae,Alloprevotella,sp004552865
MAG0227,Campylobacterota,Campylobacteria,Campylobacterales,Campylobacteraceae,Campylobacter,sp945873855
MAG0229,Bacillota,Bacilli,RF39,UBA660,CAG-877,sp934168205
MAG0235,Bacillota,Clostridia,Oscillospirales,Acutalibacteraceae,UBA6857,sp
MAG0236,Bacillota,Bacilli,RF39,UBA660,CAJGDV01,sp022763805
MAG0238,Bacillota,Clostridia,Peptostreptococcales,Anaerovoracaceae,Lentihominibacter,sp022763735
MAG0240,Bacillota,Clostridia,Lachnospirales,Lachnospiraceae,CAG-882,sp
MAG0241,Bacillota,Clostridia,Lachnospirales,Lachnospiraceae,JAFBIX01,sp021531895
MAG0243,Bacillota,Clostridia,Lachnospirales,Lachnospiraceae,Blautia,sp022769545
MAG0246,Bacillota,Clostridia,Lachnospirales,Lachnospiraceae,CAG-56,sp900539525
MAG0248,Bacillota,Clostridia,Oscillospirales,Oscillospiraceae,Faecousia,sp
MAG0249,Campylobacterota,Campylobacteria,Campylobacterales,Helicobacteraceae,Helicobacter,trogontum
MAG0250,Bacillota,Clostridia,Clostridiales,Clostridiaceae,Clostridium,sp900759995
MAG0251,Spirochaetota,Spirochaetia,Treponematales,Treponemataceae,Treponema,sp016294105
MAG0253,Bacillota,Clostridia,Christensenellales,UBA3700,HGM11368,sp
MAG0254,Bacillota,Clostridia,Oscillospirales,Acutalibacteraceae,UBA7067,sp002493755
MAG0255,Bacillota,Clostridia,Christensenellales,CAG-917,CAG-349,sp003539515
MAG0256,Bacteroidota,Bacteroidia,Bacteroidales,Paludibacteraceae,RGIG9608,sp017456885
MAG0263,Bacteroidota,Bacteroidia,Bacteroidales,Muribaculaceae,UBA7173,sp
MAG0266,Bacillota,Clostridia,Lachnospirales,Lachnospiraceae,RGIG4034,sp016293925
MAG0267,Bacillota,Clostridia,Lachnospirales,Lachnospiraceae,W0P33-017,sp
MAG0270,Bacillota,Clostridia,Lachnospirales,Lachnospiraceae,TWA4,sp022781515
MAG0273,Bacillota,Clostridia,Lachnospirales,Lachnospiraceae,UBA2882,sp017626095
MAG0274,Bacillota,Clostridia,Lachnospirales,Lachnospiraceae,UBA2821,sp902763335
MAG0276,Bacillota,Clostridia,Oscillospirales,Acutalibacteraceae,Eubacterium,sp
MAG0277,Bacteroidota,Bacteroidia,Bacteroidales,Bacteroidaceae,Prevotella,sp900547005
MAG0279,Bacteroidota,Bacteroidia,Bacteroidales,UBA932,Cryptobacteroides,sp004552965
MAG0283,Bacillota,Bacilli,Lactobacillales,Lactobacillaceae,Lactobacillus,johnsonii
MAG0285,Campylobacterota,Campylobacteria,Campylobacterales,Campylobacteraceae,Campylobacter,sp945873855
MAG0286,Bacteroidota,Bacteroidia,Bacteroidales,Muribaculaceae,SFTJ01,sp945612775
MAG0287,Bacillota,Clostridia,Oscillospirales,Acutalibacteraceae,Eubacterium,sp
MAG0290,Pseudomonadota,Gammaproteobacteria,Pseudomonadales,Moraxellaceae,Acinetobacter,pseudolwoffii
MAG0291,Bacteroidota,Bacteroidia,Bacteroidales,Paludibacteraceae,RF16,sp017525455
MAG0292,Bacillota,Clostridia,Oscillospirales,Ruminococcaceae,Gemmiger,variabilis
MAG0297,Bacillota,Clostridia,Oscillospirales,Butyricicoccaceae,Butyricicoccus,porcorum
MAG0305,Bacteroidota,Bacteroidia,Bacteroidales,Muribaculaceae,Limisoma,sp004561555
MAG0307,Bacillota,Bacilli,Erysipelotrichales,Erysipelotrichaceae,Bulleidia,sp016293365
MAG0308,Bacillota,Clostridia,Lachnospirales,Lachnospiraceae,Clostridium,sp016302185
MAG0311,Bacillota,Clostridia,Oscillospirales,Acutalibacteraceae,Eubacterium,sp900548085
MAG0312,Bacillota,Clostridia,Oscillospirales,Ruminococcaceae,UMGS1668,sp004556975
MAG0316,Bacillota,Clostridia,Oscillospirales,Oscillospiraceae,F23-B02,sp004557075
MAG0322,Bacillota,Clostridia,Lachnospirales,Lachnospiraceae,Agathobacter,sp
MAG0323,Bacteroidota,Bacteroidia,Bacteroidales,Tannerellaceae,Parabacteroides,faecavium
MAG0325,Bacteroidota,Bacteroidia,Bacteroidales,UBA932,Cryptobacteroides,sp000431015
MAG0326,Bacillota,Clostridia,Oscillospirales,Acutalibacteraceae,Eubacterium,sp945876745
MAG0329,Bacillota,Clostridia,Oscillospirales,Acutalibacteraceae,spp,sp
MAG0330,Bacteroidota,Bacteroidia,Bacteroidales,Muribaculaceae,CALZFJ01,sp945645715
MAG0331,Bacillota,Clostridia,Oscillospirales,Ruminococcaceae,CAG-115,sp
MAG0333,Bacteroidota,Bacteroidia,Bacteroidales,UBA932,Cryptobacteroides,sp004554455
MAG0334,Actinomycetota,Coriobacteriia,Coriobacteriales,Atopobiaceae,Tractidigestivibacter,sp004557505
MAG0335,Actinomycetota,Actinomycetia,Actinomycetales,Actinomycetaceae,Arcanobacterium,sp022768785
MAG0336,Bacteroidota,Bacteroidia,Bacteroidales,Bacteroidaceae,Phocaeicola,vulgatus
MAG0337,Campylobacterota,Campylobacteria,Campylobacterales,Campylobacteraceae,Campylobacter,sp022775765
MAG0338,Bacillota,Bacilli,Erysipelotrichales,Coprobacillaceae,spp,sp
MAG0339,Bacillota,Clostridia,Tissierellales,Peptoniphilaceae,Anaerococcus,porci
MAG0340,Bacillota,Clostridia,Tissierellales,Peptoniphilaceae,JAEXBH01,sp023394215
MAG0341,Pseudomonadota,Gammaproteobacteria,Enterobacterales,Pasteurellaceae,Basfia,rossii
MAG0342,Bacillota,Clostridia,Peptostreptococcales,Peptostreptococcaceae,Peptostreptococcus,porci
MAG0343,Bacillota,Clostridia,Tissierellales,Peptoniphilaceae,Parvimonas,sp022770425
MAG0344,Fusobacteriota,Fusobacteriia,Fusobacteriales,Fusobacteriaceae,Fusobacterium,gastrosuis
MAG0345,Bacillota,Bacilli,Lactobacillales,Streptococcaceae,Streptococcus,suis
MAG0348,Bacillota,Bacilli,Lactobacillales,Streptococcaceae,Streptococcus,pasteurianus
MAG0349,Bacillota,Bacilli,Lactobacillales,Streptococcaceae,Streptococcus,suis
MAG0350,Bacillota,Bacilli,Lactobacillales,Enterococcaceae,Enterococcus,cecorum
MAG0358,Spirochaetota,Spirochaetia,Treponematales,Treponemataceae,Treponema,porcinum
MAG0364,Bacillota,Bacilli,RF39,UBA660,CAG-533,sp004563275
MAG0369,Bacillota,Bacilli,Erysipelotrichales,Coprobacillaceae,Catenibacterium,mitsuokai
MAG0370,Bacillota,Clostridia,Oscillospirales,Acutalibacteraceae,Eubacterium,coprostanoligenes
MAG0375,Bacillota,Clostridia,Peptostreptococcales,Anaerovoracaceae,Lentihominibacter,sp900066305
MAG0377,Bacillota,Clostridia,Oscillospirales,Oscillospiraceae,Faecousia,sp
MAG0378,Bacteroidota,Bacteroidia,Bacteroidales,UBA932,Cryptobacteroides,sp022777585
MAG0379,Bacillota,Clostridia,Oscillospirales,Acutalibacteraceae,Limousia,pullorum
MAG0380,Bacillota,Clostridia,Oscillospirales,Acutalibacteraceae,Eubacterium,sp
MAG0381,Bacillota,Clostridia,Oscillospirales,Oscillospiraceae,UBA738,sp004557735
MAG0383,Bacillota,Clostridia,Lachnospirales,Lachnospiraceae,Faecalimonas,sp
MAG0384,Pseudomonadota,Gammaproteobacteria,Enterobacterales,Enterobacteriaceae,Citrobacter,portucalensis
MAG0387,Campylobacterota,Campylobacteria,Campylobacterales,Campylobacteraceae,Campylobacter,sp945873855
MAG0389,Bacteroidota,Bacteroidia,Bacteroidales,Bacteroidaceae,UBA4372,sp945828295
MAG0392,Bacillota,Clostridia,Oscillospirales,Acutalibacteraceae,Ruminococcus,sp
MAG0396,Bacteroidota,Bacteroidia,Bacteroidales,Bacteroidaceae,Prevotella,copri
MAG0397,Bacillota,Clostridia,Oscillospirales,Oscillospiraceae,Dysosmobacter,sp004558115
MAG0399,Bacillota,Clostridia,Lachnospirales,Lachnospiraceae,TWA4,sp
MAG0400,Bacillota,Clostridia,Oscillospirales,Ruminococcaceae,Ruminococcus,sp016297675
MAG0402,Bacteroidota,Bacteroidia,Bacteroidales,Bacteroidaceae,Prevotella,faecis
MAG0404,Bacillota,Clostridia,Peptostreptococcales,Anaerovoracaceae,CAG-238,sp022787405
MAG0407,Bacillota,Clostridia,Lachnospirales,Lachnospiraceae,UBA7050,sp
MAG0408,Bacillota,Clostridia,Christensenellales,CAG-917,CAG-349,sp003539515
MAG0410,Bacillota,Clostridia,Oscillospirales,Ruminococcaceae,Gemmiger,variabilis
MAG0411,Desulfobacterota,Desulfovibrionia,Desulfovibrionales,Desulfovibrionaceae,Desulfovibrio,sp900556755
MAG0413,Bacillota,Clostridia,Oscillospirales,Oscillospiraceae,Limivicinus,sp
MAG0414,Bacteroidota,Bacteroidia,Bacteroidales,Muribaculaceae,SFTJ01,sp004563195
MAG0416,Bacteroidota,Bacteroidia,Bacteroidales,UBA932,Cryptobacteroides,sp004556005
MAG0424,Bacillota,Clostridia,Oscillospirales,Ruminococcaceae,Ruminococcus,sp000433635
MAG0426,Bacillota,Clostridia,Lachnospirales,Lachnospiraceae,Acetatifactor,intestinalis
MAG0427,Bacillota,Clostridia,Oscillospirales,Butyricicoccaceae,Butyricicoccus,sp004552245
MAG0429,Bacillota,Clostridia,Lachnospirales,Lachnospiraceae,Anaerobutyricum,soehngenii
MAG0431,Bacillota,Clostridia,Christensenellales,UBA3700,UBA3700,sp022784465
MAG0432,Bacillota,Clostridia,Lachnospirales,Lachnospiraceae,UBA3402,sp003478355
MAG0433,Bacteroidota,Bacteroidia,Bacteroidales,Bacteroidaceae,Prevotella,sp022764085
MAG0434,Bacteroidota,Bacteroidia,Bacteroidales,Bacteroidaceae,Prevotella,sp900313215
MAG0436,Bacteroidota,Bacteroidia,Bacteroidales,Bacteroidaceae,Prevotella,sp900544495
MAG0437,Bacillota,Bacilli,Lactobacillales,Streptococcaceae,Streptococcus,thoraltensis
MAG0438,Bacillota,Bacilli,Lactobacillales,Streptococcaceae,Streptococcus,suis
MAG0439,Bacillota,Bacilli,Lactobacillales,Enterococcaceae,Enterococcus,faecalis
MAG0440,Bacillota,Clostridia,Oscillospirales,Acutalibacteraceae,CAG-177,sp003514385
MAG0441,Bacteroidota,Bacteroidia,Bacteroidales,Bacteroidaceae,Alloprevotella,sp004555425
MAG0442,Bacillota,Clostridia,Lachnospirales,Lachnospiraceae,Blautia,sp021771755
MAG0443,Bacillota,Clostridia,Oscillospirales,Oscillospiraceae,Limivicinus,sp
MAG0444,Bacteroidota,Bacteroidia,Bacteroidales,UBA932,Egerieousia,sp004561775
MAG0445,Bacillota,Clostridia,Oscillospirales,Oscillospiraceae,ER4,sp900552375
MAG0446,Bacteroidota,Bacteroidia,Bacteroidales,Bacteroidaceae,Prevotella,sp022775105
MAG0447,Bacillota,Bacilli,RF39,UBA660,CAG-302,sp900543825
MAG0455,Bacillota,Clostridia,Lachnospirales,Lachnospiraceae,Roseburia,sp022771695
MAG0459,Campylobacterota,Campylobacteria,Campylobacterales,Campylobacteraceae,Campylobacter,sp945873855
MAG0460,Bacillota,Clostridia,Christensenellales,CAG-138,PeH17,sp900542285
MAG0462,Bacillota,Clostridia,Oscillospirales,Butyricicoccaceae,Butyricicoccus,intestinisimiae
MAG0463,Bacillota,Clostridia,Lachnospirales,Lachnospiraceae,Oliverpabstia,sp004562915
MAG0465,Bacillota,Clostridia,Lachnospirales,Lachnospiraceae,Alectryocaccobium,sp900772685
MAG0467,Bacillota,Bacilli,Lactobacillales,Streptococcaceae,Streptococcus,gallolyticus
MAG0469,Bacteroidota,Bacteroidia,Bacteroidales,Bacteroidaceae,Mediterranea,pullorum
MAG0470,Bacillota,Clostridia,Oscillospirales,Ruminococcaceae,Ruthenibacterium,lactatiformans
MAG0472,Bacillota,Clostridia,Lachnospirales,Lachnospiraceae,Mediterraneibacter,faecis
MAG0473,Bacteroidota,Bacteroidia,Bacteroidales,Bacteroidaceae,Prevotella,sp002251295
MAG0474,Bacillota,Clostridia,Oscillospirales,Oscillospiraceae,Pseudoflavonifractor,capillosus
MAG0478,Bacteroidota,Bacteroidia,Bacteroidales,Muribaculaceae,SFTJ01,sp004563195
MAG0481,Bacillota,Clostridia,Oscillospirales,Acutalibacteraceae,Fimenecus,sp
MAG0482,Pseudomonadota,Gammaproteobacteria,Pseudomonadales,Pseudomonadaceae,Pseudomonas,putida
MAG0483,Bacillota,Clostridia,Oscillospirales,Acutalibacteraceae,Ruminococcus,sp
MAG0487,Pseudomonadota,Gammaproteobacteria,Pseudomonadales,Moraxellaceae,Psychrobacter,faecalis
MAG0488,Bacillota,Bacilli,Bacillales,Planococcaceae,Kurthia,zopfii
MAG0489,Bacillota,Clostridia,Peptostreptococcales,Anaerovoracaceae,CAG-238,sp945828095
MAG0490,Pseudomonadota,Gammaproteobacteria,Pseudomonadales,Moraxellaceae,Acinetobacter,sp
MAG0492,Bacillota,Bacilli,Lactobacillales,Carnobacteriaceae,Carnobacterium,inhibens
MAG0493,Verrucomicrobiota,Kiritimatiellia,RFP12,UBA1067,Spyradenecus,sp004555175
MAG0494,Bacteroidota,Bacteroidia,Bacteroidales,F082,Limimorpha,sp900769945
MAG0495,Bacillota,Clostridia,Oscillospirales,Oscillospiraceae,ER4,sp900317525
MAG0496,Bacteroidota,Bacteroidia,Bacteroidales,Muribaculaceae,CAG-873,sp001701165
MAG0498,Spirochaetota,Spirochaetia,JAFGXN01,CALXOJ01,CALXOJ01,sp
MAG0499,Bacteroidota,Bacteroidia,Bacteroidales,Tannerellaceae,Parabacteroides,faecavium
MAG0500,Bacillota,Negativicutes,Acidaminococcales,Acidaminococcaceae,Phascolarctobacterium,succinatutens
MAG0503,Bacillota,Clostridia,Lachnospirales,Lachnospiraceae,Fimimorpha,sp022778745
MAG0504,Bacillota,Bacilli,Lactobacillales,Lactobacillaceae,Limosilactobacillus,vaginalis
MAG0505,Planctomycetota,Planctomycetia,Pirellulales,Thermoguttaceae,RUG369,sp934725735
MAG0508,Verrucomicrobiota,Verrucomicrobiae,Verrucomicrobiales,Akkermansiaceae,Akkermansia,muciniphila
MAG0509,Bacillota,Clostridia,Christensenellales,CAG-138,Phil1,sp004558525
MAG0510,Bacillota,Clostridia,Oscillospirales,Acutalibacteraceae,RGIG2774,sp
MAG0512,Bacillota,Bacilli,RF39,UBA660,Aphodocola,sp000434835
MAG0514,Campylobacterota,Campylobacteria,Campylobacterales,Campylobacteraceae,Campylobacter,sp945873855
MAG0517,Bacillota,Bacilli,Lactobacillales,Lactobacillaceae,Limosilactobacillus,reuteri
MAG0519,Desulfobacterota,Desulfovibrionia,Desulfovibrionales,Desulfovibrionaceae,Desulfovibrio,sp900556755
MAG0520,Bacillota,Clostridia,Christensenellales,CAG-74,Ventricola,sp004557905
MAG0521,Bacillota,Clostridia,Oscillospirales,Ruminococcaceae,Faecalibacterium,prausnitzii
MAG0522,Bacillota,Negativicutes,Selenomonadales,Selenomonadaceae,Mitsuokella,multacida
MAG0524,Bacillota,Clostridia,Lachnospirales,Lachnospiraceae,CAG-791,sp000431495
MAG0527,Bacillota,Clostridia,Oscillospirales,Oscillospiraceae,Vescimonas,sp945877515
MAG0532,Bacteroidota,Bacteroidia,Bacteroidales,Bacteroidaceae,Alloprevotella,sp004555425
MAG0534,Bacillota,Clostridia,Oscillospirales,Ruminococcaceae,Ruminococcus,sp000433635
MAG0536,Bacillota,Bacilli,RFN20,CAG-288,Enterosoma,sp022774485
MAG0541,Bacillota,Clostridia,Christensenellales,CAG-917,CAG-349,sp003539515
MAG0543,Bacillota,Bacilli,Erysipelotrichales,Erysipelotrichaceae,Floccifex,porci
MAG0545,Bacillota,Clostridia,Lachnospirales,Lachnospiraceae,Oribacterium,sp004554245
MAG0547,Bacillota,Clostridia,Lachnospirales,Lachnospiraceae,Agathobacter,sp900548765
MAG0548,Bacillota,Clostridia,Christensenellales,CAG-138,SFEL01,sp004557245
MAG0549,Bacillota,Clostridia,Oscillospirales,Oscillospiraceae,Faecousia,sp004556205
MAG0552,Campylobacterota,Campylobacteria,Campylobacterales,Campylobacteraceae,Campylobacter,sp945873855
MAG0555,Bacillota,Clostridia,Oscillospirales,Acutalibacteraceae,Fimenecus,sp004556705
MAG0556,Bacillota,Clostridia,Christensenellales,CAG-74,SFMI01,sp004556155
MAG0558,Bacillota,Clostridia,Oscillospirales,Oscillospiraceae,F23-B02,sp000431075
MAG0564,Bacillota,Bacilli,RF39,UBA660,CAG-914,sp000437895
MAG0565,Bacteroidota,Bacteroidia,Bacteroidales,Tannerellaceae,Parabacteroides,sp
MAG0566,Actinomycetota,Actinomycetia,Mycobacteriales,Mycobacteriaceae,Corynebacterium,phoceense
MAG0567,Bacillota,Clostridia,Peptostreptococcales,Anaerovoracaceae,UMGS973,sp900547295
MAG0568,Campylobacterota,Campylobacteria,Campylobacterales,Campylobacteraceae,Campylobacter,sp945873855
MAG0569,Bacillota,Clostridia,Oscillospirales,Acutalibacteraceae,Fimenecus,sp004556705
MAG0570,Bacillota,Clostridia,Oscillospirales,Acutalibacteraceae,UBA1227,sp900545655
MAG0571,Bacteroidota,Bacteroidia,Bacteroidales,Muribaculaceae,W0P31-042,sp004557195
MAG0572,Bacillota,Clostridia,Oscillospirales,Acutalibacteraceae,Eubacterium,coprostanoligenes
MAG0575,Bacillota,Clostridia,Christensenellales,UBA1750,Spyradocola,sp
MAG0576,Bacteroidota,Bacteroidia,Bacteroidales,Muribaculaceae,CAG-873,sp945828175
MAG0577,Bacteroidota,Bacteroidia,Bacteroidales,Bacteroidaceae,UBA4372,sp945865175
MAG0578,Bacillota,Clostridia,Oscillospirales,Acutalibacteraceae,CAKRRH01,sp
MAG0579,Bacteroidota,Bacteroidia,Bacteroidales,Bacteroidaceae,Prevotella,sp002251385
MAG0583,Bacillota,Clostridia,Lachnospirales,Lachnospiraceae,Schaedlerella,sp004556565
MAG0584,Bacteroidota,Bacteroidia,Bacteroidales,UBA932,Coprenecus,sp945787505
MAG0585,Bacteroidota,Bacteroidia,Bacteroidales,Porphyromonadaceae,Porphyromonas,sp945875135
MAG0586,Bacillota,Clostridia,Christensenellales,CAG-138,PeH17,sp000435055
MAG0587,Bacillota,Clostridia,Lachnospirales,Lachnospiraceae,Enterocloster,porci
MAG0589,Bacillota,Clostridia,Peptostreptococcales,Anaerovoracaceae,Eubacterium,sp
MAG0591,Bacteroidota,Bacteroidia,Bacteroidales,Bacteroidaceae,Prevotella,sp022783515
MAG0592,Fusobacteriota,Fusobacteriia,Fusobacteriales,Fusobacteriaceae,Fusobacterium,mortiferum
MAG0593,Bacteroidota,Bacteroidia,Bacteroidales,Bacteroidaceae,Prevotella,sp022779305
MAG0594,Campylobacterota,Campylobacteria,Campylobacterales,Campylobacteraceae,Campylobacter,ureolyticus
MAG0595,Bacillota,Clostridia,Peptostreptococcales,Peptostreptococcaceae,Peptostreptococcus,porci
MAG0596,Bacillota,Clostridia,Tissierellales,Peptoniphilaceae,JALFST01,sp022779285
MAG0597,Bacillota,Bacilli,Erysipelotrichales,Coprobacillaceae,Thomasclavelia,ramosa
MAG0598,Bacillota,Bacilli,RF39,UBA660,CAG-914,sp000437895
MAG0600,Bacteroidota,Bacteroidia,Bacteroidales,Bacteroidaceae,Phocaeicola,plebeius
MAG0602,Bacillota,Clostridia,Oscillospirales,Acutalibacteraceae,Fimenecus,sp004555265
MAG0604,Bacteroidota,Bacteroidia,Bacteroidales,P3,Onthomorpha,sp004551865
MAG0606,Bacteroidota,Bacteroidia,Bacteroidales,Bacteroidaceae,UBA4372,sp004559785
MAG0608,Bacillota,Clostridia,Oscillospirales,Acutalibacteraceae,Eubacterium,sp
MAG0609,Campylobacterota,Campylobacteria,Campylobacterales,Campylobacteraceae,Campylobacter,sp945873855
MAG0611,Bacillota,Clostridia,Christensenellales,CAG-138,SFDB01,sp004558825
MAG0612,Bacillota,Clostridia,Lachnospirales,Lachnospiraceae,Eubacterium,sp022767895
MAG0613,Bacillota,Negativicutes,Selenomonadales,Selenomonadaceae,CAMCDL01,sp945873565
MAG0615,Bacillota,Clostridia,Oscillospirales,Oscillospiraceae,Evtepia,sp016295225
MAG0620,Bacillota,Clostridia,Oscillospirales,Oscillospiraceae,CAG-170,sp004555655
MAG0621,Bacteroidota,Bacteroidia,Bacteroidales,Bacteroidaceae,Alloprevotella,sp004556745
MAG0622,Bacillota,Clostridia,Oscillospirales,Oscillospiraceae,Faecousia,sp016302405
MAG0623,Bacteroidota,Bacteroidia,Bacteroidales,Muribaculaceae,CAG-873,sp945829225
MAG0627,Bacillota,Clostridia,Oscillospirales,Acutalibacteraceae,Fimenecus,sp
MAG0628,Bacillota,Clostridia,Peptostreptococcales,Anaerovoracaceae,Lentihominibacter,sp022775805
MAG0629,Bacillota,Clostridia,Oscillospirales,Acutalibacteraceae,Ruminococcus,sp902766885
MAG0630,Bacillota,Clostridia,Peptostreptococcales,Anaerovoracaceae,CAG-238,sp945828095
MAG0631,Bacteroidota,Bacteroidia,Bacteroidales,Paludibacteraceae,W0P28-013,sp004557405
MAG0634,Bacteroidota,Bacteroidia,Bacteroidales,UBA932,Cryptobacteroides,sp004552115
MAG0635,Spirochaetota,Spirochaetia,Sphaerochaetales,Sphaerochaetaceae,Ornithospirochaeta,sp
MAG0637,Bacillota,Clostridia,Peptostreptococcales,Anaerovoracaceae,VUNA01,sp002299625
MAG0640,Bacillota,Bacilli,RF39,UBA660,spp,sp
MAG0642,Bacillota,Clostridia,Christensenellales,UBA1242,UMGS687,sp900544595
MAG0643,Bacillota,Clostridia,Oscillospirales,Oscillospiraceae,Faecousia,sp
MAG0644,Bacteroidota,Bacteroidia,Bacteroidales,UBA932,Cryptobacteroides,sp022777205
MAG0645,Bacillota,Clostridia,Lachnospirales,Anaerotignaceae,Anaerotignum,sp004557645
MAG0651,Bacillota,Bacilli,Lactobacillales,Lactobacillaceae,Lactobacillus,amylovorus
MAG0654,Bacteroidota,Bacteroidia,Bacteroidales,Bacteroidaceae,Alloprevotella,sp004555055
MAG0656,Bacillota,Clostridia,Christensenellales,CAG-138,SFEL01,sp004557245
MAG0657,Bacillota,Clostridia,Oscillospirales,Acutalibacteraceae,Fimenecus,sp900766945
MAG0660,Bacillota,Clostridia,Lachnospirales,Lachnospiraceae,W0P33-017,sp
MAG0661,Bacteroidota,Bacteroidia,Bacteroidales,Bacteroidaceae,Phocaeicola,plebeius
MAG0662,Bacillota,Bacilli,Erysipelotrichales,Coprobacillaceae,Sharpea,porci
MAG0664,Campylobacterota,Campylobacteria,Campylobacterales,Campylobacteraceae,Campylobacter,sp945873855
MAG0665,Bacillota,Bacilli,RF39,UBA660,CAG-533,sp900551105
MAG0666,Bacillota,Clostridia,Christensenellales,CAG-917,HGM11377,sp900755035
MAG0667,Campylobacterota,Campylobacteria,Campylobacterales,Campylobacteraceae,Campylobacter,sp945873855
MAG0668,Bacillota,Clostridia,Oscillospirales,Acutalibacteraceae,UBA6857,sp016293225
MAG0670,Bacteroidota,Bacteroidia,Bacteroidales,Paludibacteraceae,RF16,sp016302585
MAG0671,Bacillota,Clostridia,Oscillospirales,Oscillospiraceae,Dysosmobacter,sp
MAG0672,Bacillota,Clostridia,Lachnospirales,Lachnospiraceae,Bariatricus,sp004560705
MAG0673,Bacillota,Clostridia,Lachnospirales,Lachnospiraceae,Kineothrix,sp022781985
MAG0675,Bacillota,Clostridia,Oscillospirales,Acutalibacteraceae,Eubacterium,coprostanoligenes
MAG0676,Bacillota,Clostridia,Christensenellales,CAG-74,Ventricola,sp004556985
MAG0677,Bacillota,Clostridia,Lachnospirales,Lachnospiraceae,UBA2868,sp004552595
MAG0680,Bacteroidota,Bacteroidia,Bacteroidales,Bacteroidaceae,Alloprevotella,sp004555425
MAG0681,Bacteroidota,Bacteroidia,Bacteroidales,Bacteroidaceae,Prevotella,sp900548195
MAG0682,Bacteroidota,Bacteroidia,Bacteroidales,Paludibacteraceae,RF16,sp022777485
MAG0683,Bacillota,Clostridia,Oscillospirales,Oscillospiraceae,Intestinimonas,butyriciproducens
MAG0684,Bacteroidota,Bacteroidia,Bacteroidales,UBA932,Cryptobacteroides,sp004552115
MAG0685,Bacillota,Bacilli,RFN20,CAG-826,Onthovivens,sp016302065
MAG0689,Bacillota,Clostridia,Oscillospirales,Oscillospiraceae,ER4,sp003522105
MAG0690,Bacteroidota,Bacteroidia,Bacteroidales,Muribaculaceae,SFTJ01,sp004557385
MAG0693,Bacillota,Bacilli,RFN20,CAG-826,Enteromonas,sp
MAG0695,Bacillota,Clostridia,Lachnospirales,Lachnospiraceae,Hominisplanchenecus,sp022769625
MAG0696,Bacillota,Bacilli,RFN20,CAG-288,HGM10890,sp900769965
MAG0698,Bacteroidota,Bacteroidia,Bacteroidales,Bacteroidaceae,Prevotella,sp002251365
MAG0699,Desulfobacterota,Desulfovibrionia,Desulfovibrionales,Desulfovibrionaceae,Desulfovibrio,sp900556755
MAG0700,Bacillota,Negativicutes,Acidaminococcales,Acidaminococcaceae,Phascolarctobacterium,sp900553055
MAG0701,Bacillota,Clostridia,Oscillospirales,Acutalibacteraceae,CAG-177,sp003514385
MAG0702,Bacteroidota,Bacteroidia,Bacteroidales,Muribaculaceae,SFTJ01,sp004563195
MAG0703,Campylobacterota,Campylobacteria,Campylobacterales,Campylobacteraceae,Campylobacter,coli
MAG0704,Bacillota,Clostridia,Oscillospirales,Oscillospiraceae,Limivicinus,sp
MAG0708,Bacillota,Negativicutes,Acidaminococcales,Acidaminococcaceae,Phascolarctobacterium,sp
MAG0709,Bacteroidota,Bacteroidia,Bacteroidales,Bacteroidaceae,Alloprevotella,sp004552865
MAG0710,Bacillota,Bacilli,RF39,UBA660,UMGS2016,sp945872435
MAG0711,Bacillota,Clostridia,Christensenellales,CAG-74,Ventricola,sp004557905
MAG0712,Bacteroidota,Bacteroidia,Bacteroidales,Bacteroidaceae,Prevotella,sp004557285
MAG0713,Spirochaetota,Spirochaetia,Treponematales,Treponemataceae,Treponema,porcinum
MAG0714,Bacillota,Clostridia,Lachnospirales,Lachnospiraceae,Marvinbryantia,sp900066075
MAG0715,Bacillota,Clostridia,Peptostreptococcales,Anaerovoracaceae,Fimisoma,sp002320005
MAG0718,Bacteroidota,Bacteroidia,Bacteroidales,Bacteroidaceae,Mediterranea,sp
MAG0721,Bacteroidota,Bacteroidia,Bacteroidales,Muribaculaceae,Limisoma,sp000437795
MAG0722,Bacillota,Clostridia,Lachnospirales,Lachnospiraceae,Blautia,sp001304935
MAG0725,Fusobacteriota,Fusobacteriia,Fusobacteriales,Fusobacteriaceae,Fusobacterium,sp012843705
MAG0726,Bacillota,Clostridia,Lachnospirales,Lachnospiraceae,Enterocloster,clostridioformis
MAG0727,Bacillota,Clostridia,Oscillospirales,Acutalibacteraceae,Ruminococcus,bromii
MAG0728,Bacillota,Clostridia,Lachnospirales,Anaerotignaceae,Anaerotignum,sp022786605
MAG0729,Bacteroidota,Bacteroidia,Bacteroidales,Bacteroidaceae,Bacteroides,eggerthii
MAG0730,Bacillota,Clostridia,Oscillospirales,Oscillospiraceae,CAG-103,sp004556965
MAG0733,Bacteroidota,Bacteroidia,Bacteroidales,Bacteroidaceae,Phocaeicola,plebeius
MAG0735,Bacteroidota,Bacteroidia,Bacteroidales,Bacteroidaceae,Prevotella,sp000434975
MAG0737,Bacteroidota,Bacteroidia,Bacteroidales,Muribaculaceae,SFRY01,sp004562065
MAG0738,Bacteroidota,Bacteroidia,Bacteroidales,Bacteroidaceae,UBA4334,sp016302435
MAG0739,Pseudomonadota,Gammaproteobacteria,Enterobacterales,Enterobacteriaceae,Escherichia,coli
MAG0740,Bacillota,Clostridia,Lachnospirales,Lachnospiraceae,Choladousia,sp022776305
MAG0742,Bacillota,Clostridia,Lachnospirales,Lachnospiraceae,Oliverpabstia,sp004556655
MAG0743,Bacteroidota,Bacteroidia,Bacteroidales,Muribaculaceae,Sodaliphilus,sp004557565
MAG0745,Bacillota,Clostridia,Oscillospirales,Acutalibacteraceae,Heritagella,sp022767925
MAG0746,Bacillota,Clostridia,Oscillospirales,Acutalibacteraceae,CAG-177,sp003514385
MAG0747,Bacteroidota,Bacteroidia,Bacteroidales,Bacteroidaceae,Bacteroides,uniformis
MAG0748,Bacillota,Clostridia,Oscillospirales,Acutalibacteraceae,Fimivicinus,sp900544715
MAG0749,Bacillota,Clostridia,Oscillospirales,Ruminococcaceae,UBA866,sp
MAG0751,Bacillota,Clostridia,Christensenellales,Borkfalkiaceae,UBA10281,sp900767815
MAG0752,Bacillota,Clostridia,Lachnospirales,Lachnospiraceae,KLE1615,sp900066985
MAG0753,Bacteroidota,Bacteroidia,Bacteroidales,Rikenellaceae,Alistipes,shahii
MAG0754,Pseudomonadota,Gammaproteobacteria,Enterobacterales,Enterobacteriaceae,Escherichia,coli
MAG0756,Campylobacterota,Campylobacteria,Campylobacterales,Campylobacteraceae,Campylobacter,sp945873855
MAG0757,Bacillota,Bacilli,RF39,UBA660,CAG-302,sp
MAG0758,Bacillota,Clostridia,Christensenellales,CAG-917,CAG-349,sp003539515
MAG0761,Bacillota,Clostridia,Oscillospirales,Acutalibacteraceae,CAG-177,sp003514385
MAG0763,Campylobacterota,Campylobacteria,Campylobacterales,Campylobacteraceae,Campylobacter,sp945873855
MAG0765,Bacillota,Bacilli,RF39,UBA660,Faecimonas,sp022771205
MAG0766,Bacteroidota,Bacteroidia,Bacteroidales,Bacteroidaceae,Alloprevotella,sp004552865
MAG0767,Bacillota,Clostridia,Oscillospirales,Acutalibacteraceae,Ruminococcus,sp
MAG0768,Bacteroidota,Bacteroidia,Bacteroidales,Paludibacteraceae,RF16,sp022784645
MAG0770,Bacteroidota,Bacteroidia,Bacteroidales,Bacteroidaceae,Alloprevotella,sp004555425
MAG0774,Pseudomonadota,Gammaproteobacteria,Enterobacterales,Pasteurellaceae,Actinobacillus,aerogenes
MAG0776,Campylobacterota,Campylobacteria,Campylobacterales,Campylobacteraceae,Campylobacter,sp945873855
MAG0777,Bacillota,Clostridia,Tissierellales,Peptoniphilaceae,JALEKO01,sp022769085
MAG0778,Bacillota,Clostridia,Oscillospirales,Acutalibacteraceae,Ruminococcus,sp
MAG0780,Pseudomonadota,Alphaproteobacteria,Rs-D84,CACZYB01,CACZYB01,sp016297965
MAG0783,Bacillota,Clostridia,Oscillospirales,Oscillospiraceae,Faecousia,sp
MAG0785,Bacillota,Clostridia,Oscillospirales,Acutalibacteraceae,Eubacterium,sp
MAG0790,Bacillota,Clostridia,Lachnospirales,Lachnospiraceae,Agathobacter,sp945868435
MAG0791,Bacillota,Negativicutes,Selenomonadales,Selenomonadaceae,Selenomonas,sp900769615
MAG0792,Bacillota,Clostridia,Oscillospirales,Acutalibacteraceae,Ruminococcus,sp
MAG0794,Bacteroidota,Bacteroidia,Bacteroidales,Bacteroidaceae,Prevotella,sp004555245
MAG0795,Bacillota,Clostridia,Lachnospirales,Lachnospiraceae,Lachnospira,sp
MAG0796,Bacillota,Clostridia,Oscillospirales,Butyricicoccaceae,Butyricicoccus,sp945872165
MAG0797,Bacteroidota,Bacteroidia,Bacteroidales,Bacteroidaceae,Prevotella,sp002251245
MAG0801,Bacillota,Negativicutes,Selenomonadales,Selenomonadaceae,Anaerovibrio,sp900548165
MAG0805,Bacillota,Bacilli,RF39,UBA660,RUG11198,sp934176955
MAG0809,Bacillota,Clostridia,Lachnospirales,Lachnospiraceae,Frisingicoccus,sp016298055
MAG0811,Spirochaetota,Spirochaetia,Treponematales,Treponemataceae,Treponema,sp945868875
MAG0816,Campylobacterota,Campylobacteria,Campylobacterales,Campylobacteraceae,Campylobacter,sp945873855
MAG0817,Bacteroidota,Bacteroidia,Bacteroidales,Bacteroidaceae,Alloprevotella,sp
MAG0822,Bacteroidota,Bacteroidia,Bacteroidales,UBA932,Cryptobacteroides,sp000432655
MAG0823,Campylobacterota,Campylobacteria,Campylobacterales,Campylobacteraceae,Campylobacter,sp945873855
MAG0827,Campylobacterota,Campylobacteria,Campylobacterales,Campylobacteraceae,Campylobacter,sp945873855
MAG0831,Campylobacterota,Campylobacteria,Campylobacterales,Campylobacteraceae,Campylobacter,sp945873855
MAG0832,Bacillota,Clostridia,Oscillospirales,Acutalibacteraceae,Eubacterium,sp900555015
MAG0833,Bacillota,Clostridia,Oscillospirales,Oscillospiraceae,Evtepia,sp004556345
MAG0834,Bacillota,Bacilli,RF39,UBA660,CAG-1000,sp900768345
MAG0836,Bacillota,Bacilli,Lactobacillales,Streptococcaceae,Streptococcus,suis
MAG0837,Bacteroidota,Bacteroidia,Bacteroidales,Bacteroidaceae,Prevotella,sp945863825
MAG0843,Bacillota,Clostridia,Oscillospirales,Acutalibacteraceae,Fimenecus,sp004555265
MAG0845,Bacillota,Negativicutes,Veillonellales,Megasphaeraceae,Megasphaera,elsdenii
MAG0847,Bacteroidota,Bacteroidia,Bacteroidales,Bacteroidaceae,Alloprevotella,sp004555425
MAG0848,Bacillota,Clostridia,Oscillospirales,Oscillospiraceae,Lawsonibacter,sp000177015
MAG0851,Bacillota,Clostridia,Christensenellales,CAG-138,UBA1685,sp004560435
MAG0853,Bacillota,Clostridia,Oscillospirales,Butyricicoccaceae,UBA4644,sp
MAG0855,Bacillota,Bacilli,Lactobacillales,Lactobacillaceae,Lactobacillus,amylovorus
MAG0856,Campylobacterota,Campylobacteria,Campylobacterales,Campylobacteraceae,Campylobacter,sp945873855
MAG0858,Bacillota,Clostridia,Oscillospirales,Ruminococcaceae,CAG-115,sp004554555
MAG0860,Bacillota,Clostridia,Lachnospirales,Lachnospiraceae,UBA1712,sp018056665
MAG0861,Bacillota,Clostridia,Oscillospirales,CAG-272,CAG-841,sp018383975
MAG0862,Bacteroidota,Bacteroidia,Bacteroidales,Muribaculaceae,Sodaliphilus,sp004559845
MAG0868,Bacteroidota,Bacteroidia,Bacteroidales,WCHB1-69,F23-D06,sp900315705
MAG0870,Bacillota,Clostridia,Oscillospirales,Acutalibacteraceae,Eubacterium,sp900767025
MAG0872,Bacillota,Clostridia,Oscillospirales,Oscillospiraceae,F23-B02,sp004556755
MAG0874,Spirochaetota,Spirochaetia,Treponematales,Treponemataceae,Treponema,sp016293915
MAG0875,Bacteroidota,Bacteroidia,Bacteroidales,Porphyromonadaceae,Porphyromonas,sp004555765
MAG0877,Bacillota,Clostridia,Oscillospirales,Ruminococcaceae,SFIE01,sp004555405
MAG0881,Bacillota,Clostridia,Oscillospirales,Acutalibacteraceae,Ruminococcus,bovis
MAG0882,Bacillota,Clostridia,Lachnospirales,Lachnospiraceae,Oliverpabstia,intestinalis
MAG0885,Pseudomonadota,Gammaproteobacteria,Enterobacterales,Enterobacteriaceae,Escherichia,coli
MAG0886,Bacillota,Bacilli,Lactobacillales,Lactobacillaceae,Limosilactobacillus,reuteri
MAG0887,Bacillota,Clostridia,Lachnospirales,Lachnospiraceae,Coprococcus,catus
MAG0889,Bacteroidota,Bacteroidia,Bacteroidales,Bacteroidaceae,Alloprevotella,sp004555425
MAG0891,Bacillota,Clostridia,Lachnospirales,Anaerotignaceae,Anaerotignum,sp022786605
MAG0893,Bacillota,Clostridia,Oscillospirales,Ruminococcaceae,Negativibacillus,massiliensis
MAG0896,Bacillota,Bacilli,Mycoplasmatales,Metamycoplasmataceae,UBA710,sp
MAG0898,Pseudomonadota,Gammaproteobacteria,Enterobacterales,Succinivibrionaceae,Succinivibrio,sp000431835
MAG0902,Bacillota,Negativicutes,Selenomonadales,Selenomonadaceae,Mitsuokella,jalaludinii
MAG0905,Bacillota,Clostridia,Oscillospirales,Acutalibacteraceae,Ruminococcus,sp
MAG0908,Actinomycetota,Coriobacteriia,Coriobacteriales,Atopobiaceae,Paratractidigestivibacter,faecalis
MAG0909,Bacillota,Clostridia,Oscillospirales,Acutalibacteraceae,UBA7067,sp
MAG0914,Bacillota,Bacilli,Lactobacillales,Lactobacillaceae,Ligilactobacillus,salivarius
MAG0917,Bacillota,Bacilli,Erysipelotrichales,Erysipelotrichaceae,Absicoccus,porci
MAG0919,Bacillota,Negativicutes,Selenomonadales,Selenomonadaceae,CAMCDL01,sp945637225
MAG0921,Bacillota,Bacilli,RF39,UBA660,UMGS1271,sp900550255
MAG0926,Bacillota,Clostridia,Lachnospirales,Lachnospiraceae,Fusicatenibacter,saccharivorans
MAG0927,Bacillota,Negativicutes,Veillonellales,Megasphaeraceae,Megasphaera,elsdenii
MAG0929,Bacteroidota,Bacteroidia,Bacteroidales,Paludibacteraceae,W0P28-013,sp004557405
MAG0931,Bacillota,Clostridia,Oscillospirales,Acutalibacteraceae,CAG-177,sp016297555
MAG0934,Bacillota,Clostridia,Oscillospirales,Acutalibacteraceae,Eubacterium,coprostanoligenes
MAG0935,Bacteroidota,Bacteroidia,Bacteroidales,Bacteroidaceae,UBA3839,sp900314125
MAG0938,Bacillota,Bacilli,RFN20,CAG-288,Enterosoma,sp022774485
MAG0947,Bacillota,Clostridia,Christensenellales,CAG-138,CAG-1024,sp000432015
MAG0948,Bacillota,Bacilli,Lactobacillales,Streptococcaceae,Lactococcus,petauri
MAG0951,Campylobacterota,Campylobacteria,Campylobacterales,Campylobacteraceae,Campylobacter,sp945873855
MAG0959,Bacillota,Clostridia,Peptostreptococcales,Anaerovoracaceae,RUG099,sp
MAG0960,Bacteroidota,Bacteroidia,Bacteroidales,Paludibacteraceae,W0P28-013,sp004557405
MAG0961,Campylobacterota,Campylobacteria,Campylobacterales,Campylobacteraceae,Campylobacter,sp945873855
MAG0963,Bacteroidota,Bacteroidia,Bacteroidales,Tannerellaceae,Parabacteroides,sp022775005
MAG0966,Bacillota,Clostridia,Lachnospirales,Lachnospiraceae,RUG115,sp
MAG0969,Bacillota,Bacilli,RF39,UBA660,RUG12438,sp
MAG0970,Bacillota,Clostridia,Oscillospirales,Acutalibacteraceae,Eubacterium,sp
MAG0971,Bacillota,Clostridia,Oscillospirales,Acutalibacteraceae,Eubacterium,sp945221685
MAG0978,Spirochaetota,Spirochaetia,Treponematales,Treponemataceae,Treponema,sp002395155
MAG0981,Bacteroidota,Bacteroidia,Bacteroidales,Bacteroidaceae,Alloprevotella,sp
MAG0983,Bacillota,Clostridia,Oscillospirales,Butyricicoccaceae,Butyricicoccus,sp945486175
MAG0984,Bacillota,Bacilli,RF39,UBA660,UBA3789,sp900543055
MAG0986,Bacillota,Clostridia,Oscillospirales,Acutalibacteraceae,Fimenecus,sp004555265
MAG0991,Bacteroidota,Bacteroidia,Bacteroidales,Muribaculaceae,Sodaliphilus,sp004559845
MAG0994,Pseudomonadota,Gammaproteobacteria,Pseudomonadales,Moraxellaceae,Acinetobacter,fasciculus
MAG0995,Bacteroidota,Bacteroidia,Bacteroidales,Bacteroidaceae,Prevotella,sp945869265
MAG0999,Bacillota,Clostridia,Oscillospirales,Acutalibacteraceae,CAG-177,sp003514385
MAG1000,Bacillota,Bacilli,Bacillales,Planococcaceae,Solibacillus,cecembensis
MAG1002,Bacillota,Clostridia,Lachnospirales,Lachnospiraceae,CAG-510,sp
MAG1003,Pseudomonadota,Gammaproteobacteria,Pseudomonadales,Moraxellaceae,Psychrobacter,faecalis
MAG1007,Bacteroidota,Bacteroidia,Bacteroidales,Muribaculaceae,CAG-485,sp004553095
MAG1008,Bacteroidota,Bacteroidia,Bacteroidales,Bacteroidaceae,Prevotella,sp
MAG1009,Campylobacterota,Campylobacteria,Campylobacterales,Helicobacteraceae,Helicobacter,sp
MAG1011,Bacillota,Clostridia,Christensenellales,UBA3700,spp,sp
MAG1012,Campylobacterota,Campylobacteria,Campylobacterales,Campylobacteraceae,Campylobacter,sp945873855
MAG1013,Bacillota,Bacilli,RF39,UBA660,Aphodocola,sp000434835
MAG1014,Bacillota,Clostridia,Oscillospirales,Acutalibacteraceae,Fimenecus,sp004555265
MAG1018,Bacillota,Clostridia,Oscillospirales,QAMX01,QAMX01,sp004555605
MAG1019,Bacillota,Clostridia,Lachnospirales,Lachnospiraceae,Blautia,sp022777285
MAG1020,Bacillota,Clostridia,Oscillospirales,Oscillospiraceae,Faecousia,sp022786995
MAG1023,Bacteroidota,Bacteroidia,Bacteroidales,UBA932,Cryptobacteroides,sp900546445
MAG1024,Bacillota,Clostridia,Lachnospirales,Lachnospiraceae,CAG-590,sp000431135
MAG1029,Bacillota,Clostridia,Oscillospirales,Oscillospiraceae,Faecousia,sp900540635
MAG1033,Bacillota,Bacilli,Haloplasmatales,Turicibacteraceae,Turicibacter,bilis
MAG1038,Bacillota,Clostridia,Lachnospirales,Lachnospiraceae,UBA3282,sp
MAG1039,Bacillota,Clostridia,Lachnospirales,Lachnospiraceae,spp,sp
MAG1041,Bacillota,Clostridia,Oscillospirales,Acutalibacteraceae,Eubacterium,sp022772725
MAG1043,Spirochaetota,Spirochaetia,Treponematales,Treponemataceae,Treponema,porcinum
MAG1044,Bacillota,Clostridia,UBA1212,SIG427,SIG427,sp
MAG1048,Bacteroidota,Bacteroidia,Bacteroidales,Bacteroidaceae,UBA4334,sp900316975
MAG1049,Bacteroidota,Bacteroidia,Bacteroidales,Bacteroidaceae,Prevotella,sp018385335
MAG1050,Bacillota,Clostridia,Oscillospirales,Acutalibacteraceae,CAG-177,sp003514385
MAG1052,Chlamydiota,Chlamydiia,Chlamydiales,Chlamydiaceae,Chlamydia,suis
MAG1055,Bacillota,Clostridia,Oscillospirales,Acutalibacteraceae,Eubacterium,sp900540235
MAG1060,Bacillota,Clostridia,Oscillospirales,Oscillospiraceae,ER4,sp000765235
MAG1062,Bacteroidota,Bacteroidia,Bacteroidales,Paludibacteraceae,Aphodosoma,sp016292775
MAG1065,Bacillota,Clostridia,Lachnospirales,Lachnospiraceae,CAG-603,sp900314555
MAG1069,Bacillota,Clostridia,Oscillospirales,Acutalibacteraceae,Eubacterium,sp945874765
MAG1071,Bacillota,Clostridia,Oscillospirales,Acutalibacteraceae,Eubacterium,sp
MAG1072,Desulfobacterota,Desulfovibrionia,Desulfovibrionales,Desulfovibrionaceae,Desulfovibrio,sp905215675
MAG1076,Bacteroidota,Bacteroidia,Bacteroidales,Tannerellaceae,Parabacteroides,sp
MAG1077,Bacillota,Clostridia,Oscillospirales,Ruminococcaceae,Gemmiger,qucibialis
MAG1078,Bacillota,Clostridia,Christensenellales,CAG-74,Ventricola,sp
MAG1080,Bacillota,Clostridia,Oscillospirales,Oscillospiraceae,Limivicinus,sp
MAG1081,Bacillota,Clostridia,Christensenellales,CAG-138,Phil1,sp001940855
MAG1082,Bacillota,Clostridia,Christensenellales,CAG-138,CAG-1024,sp004554165
MAG1086,Bacteroidota,Bacteroidia,Bacteroidales,Bacteroidaceae,Prevotella,sp000436915
MAG1088,Bacillota,Clostridia,Peptostreptococcales,Anaerovoracaceae,CAG-238,sp016302545
MAG1090,Bacillota,Clostridia,Oscillospirales,Oscillospiraceae,Vescimonas,sp
MAG1097,Bacteroidota,Bacteroidia,Bacteroidales,UBA932,Cryptobacteroides,sp000433355
MAG1099,Bacteroidota,Bacteroidia,Bacteroidales,UBA932,Cryptobacteroides,sp900546925
MAG1103,Bacillota,Clostridia,Lachnospirales,Lachnospiraceae,Eubacterium,sp022767895
MAG1104,Bacillota,Clostridia,Lachnospirales,Lachnospiraceae,spp,sp
MAG1109,Bacillota,Clostridia,Oscillospirales,Acutalibacteraceae,Eubacterium,sp945788455
MAG1110,Spirochaetota,Spirochaetia,Treponematales,Treponemataceae,Treponema,sp022773305
MAG1111,Bacteroidota,Bacteroidia,Bacteroidales,Bacteroidaceae,Alloprevotella,sp022788345
MAG1112,Bacillota,Bacilli,Erysipelotrichales,Erysipelotrichaceae,Faecalicoccus,sp900546545
MAG1113,Pseudomonadota,Gammaproteobacteria,Enterobacterales,Pasteurellaceae,Basfia,porcinus
MAG1114,Bacteroidota,Bacteroidia,Bacteroidales,Tannerellaceae,Parabacteroides,goldsteinii
MAG1115,Actinomycetota,Actinomycetia,Actinomycetales,Actinomycetaceae,Trueperella,sp022783305
MAG1117,Actinomycetota,Actinomycetia,Mycobacteriales,Mycobacteriaceae,Corynebacterium,glucuronolyticum
MAG1118,Bacillota,Bacilli,Lactobacillales,Streptococcaceae,Streptococcus,suis
MAG1120,Bacillota,Clostridia,Clostridiales,Clostridiaceae,Clostridium,sp000435835
MAG1122,Pseudomonadota,Gammaproteobacteria,Enterobacterales,Pasteurellaceae,Actinobacillus,minor
MAG1123,Bacteroidota,Bacteroidia,Bacteroidales,Bacteroidaceae,Alloprevotella,sp
MAG1125,Bacillota,Clostridia,Oscillospirales,Oscillospiraceae,Evtepia,sp004551945
MAG1127,Bacteroidota,Bacteroidia,Bacteroidales,UBA932,Cryptobacteroides,sp022774085
MAG1130,Bacillota,Clostridia,Christensenellales,CAG-74,SFTH01,sp
MAG1131,Bacillota,Clostridia,Peptostreptococcales,Anaerovoracaceae,CAG-238,sp945828095
MAG1132,Fusobacteriota,Fusobacteriia,Fusobacteriales,Fusobacteriaceae,Fusobacterium,sp900554885
MAG1133,Bacillota,Clostridia,Lachnospirales,Lachnospiraceae,SIG307,sp945622055
MAG1137,Bacillota,Clostridia,Lachnospirales,Lachnospiraceae,Marvinbryantia,sp
MAG1138,Bacillota,Bacilli,Lactobacillales,Enterococcaceae,Enterococcus,villorum
MAG1144,Bacillota,Clostridia,Oscillospirales,Oscillospiraceae,ER4,sp016295615
MAG1146,Bacteroidota,Bacteroidia,Bacteroidales,UBA3663,UBA3663,sp004557315
MAG1148,Bacillota,Clostridia,Lachnospirales,Lachnospiraceae,Agathobacter,sp022767075
MAG1149,Bacteroidota,Bacteroidia,Bacteroidales,Bacteroidaceae,Prevotella,sp022782305
MAG1153,Bacillota,Clostridia,Oscillospirales,Acutalibacteraceae,Eubacterium,sp
MAG1154,Bacillota,Clostridia,Lachnospirales,Lachnospiraceae,Frisingicoccus,sp016298055
MAG0002,Bacillota,Clostridia,Oscillospirales,Acutalibacteraceae,Ruminococcus,sp
MAG0004,Desulfobacterota,Desulfovibrionia,Desulfovibrionales,Desulfovibrionaceae,Desulfovibrio,sp900319575
MAG0005,Bacteroidota,Bacteroidia,Bacteroidales,Muribaculaceae,SFTJ01,sp004563195
MAG0008,Bacillota,Clostridia,Lachnospirales,Lachnospiraceae,Choladousia,sp
MAG0010,Bacillota,Clostridia,Lachnospirales,Lachnospiraceae,Acetatifactor,sp016303085
MAG0012,Bacillota,Clostridia,Christensenellales,CAG-74,spp,sp
MAG0013,Bacillota,Bacilli,Erysipelotrichales,Erysipelotrichaceae,JAHHTG01,sp
MAG0014,Bacillota,Clostridia,Oscillospirales,Acutalibacteraceae,UBA1227,sp900545655
MAG0016,Spirochaetota,Spirochaetia,Treponematales,Treponemataceae,Treponema,sp017381365
MAG0017,Bacteroidota,Bacteroidia,Bacteroidales,UBA932,Egerieousia,sp004561775
MAG0018,Bacteroidota,Bacteroidia,Bacteroidales,Muribaculaceae,Sodaliphilus,sp004559845
MAG0019,Bacteroidota,Bacteroidia,Bacteroidales,Paludibacteraceae,RF16,sp021152555
MAG0021,Bacteroidota,Bacteroidia,Bacteroidales,Paludibacteraceae,RF16,sp022784645
MAG0023,Bacteroidota,Bacteroidia,Bacteroidales,Paludibacteraceae,RF16,sp022777485
MAG0027,Desulfobacterota,Desulfovibrionia,Desulfovibrionales,Desulfovibrionaceae,Desulfovibrio,sp900556755
MAG0028,Bacillota,Bacilli,RF39,UBA660,CAG-914,sp
MAG0029,Bacillota,Clostridia,Oscillospirales,Oscillospiraceae,Lawsonibacter,sp000177015
MAG0030,Bacillota,Clostridia,Lachnospirales,Lachnospiraceae,SIG292,sp022766905
MAG0034,Bacteroidota,Bacteroidia,Bacteroidales,UBA932,Cryptobacteroides,sp022777585
MAG0039,Bacillota,Clostridia,Lachnospirales,Lachnospiraceae,Bariatricus,sp
MAG0054,Bacillota,Clostridia,Oscillospirales,Oscillospiraceae,Limivicinus,sp900549645
MAG0057,Bacillota,Clostridia,TANB77,CAG-508,CAG-452,sp000434035
MAG0058,Bacillota,Clostridia,Oscillospirales,Oscillospiraceae,Vescimonas,sp001916855
MAG0060,Bacteroidota,Bacteroidia,Bacteroidales,UBA932,Cryptobacteroides,sp004552115
MAG0061,Bacteroidota,Bacteroidia,Bacteroidales,Bacteroidaceae,Alloprevotella,sp004552865
MAG0062,Bacillota,Clostridia,Christensenellales,CAG-74,Ventricola,sp004557905
MAG0064,Bacteroidota,Bacteroidia,Bacteroidales,Bacteroidaceae,Alloprevotella,sp004552865
MAG0065,Bacteroidota,Bacteroidia,Bacteroidales,Bacteroidaceae,UBA4372,sp900766785
MAG0066,Actinomycetota,Coriobacteriia,Coriobacteriales,Coriobacteriaceae,Collinsella,sp002391315
MAG0067,Bacillota,Clostridia,Christensenellales,CAG-74,SFTH01,sp004563405
MAG0069,Myxococcota,Bradymonadia,UBA4248,UBA4248,UBA4248,sp004554395
MAG0070,Bacillota,Clostridia,Oscillospirales,Oscillospiraceae,Faecousia,sp
MAG0071,Desulfobacterota,Desulfovibrionia,Desulfovibrionales,Desulfovibrionaceae,Desulfovibrio,sp945871415
MAG0072,Bacteroidota,Bacteroidia,Bacteroidales,Muribaculaceae,CAG-485,sp004553095
MAG0075,Bacillota,Clostridia,Oscillospirales,Oscillospiraceae,Flavonifractor,sp
MAG0076,Bacillota,Bacilli,Erysipelotrichales,Erysipelotrichaceae,Bulleidia,sp
MAG0077,Bacteroidota,Bacteroidia,Bacteroidales,Tannerellaceae,Parabacteroides,faecavium
MAG0078,Bacteroidota,Bacteroidia,Bacteroidales,Tannerellaceae,Parabacteroides,sp
MAG0083,Bacillota,Clostridia,Oscillospirales,Oscillospiraceae,Avoscillospira,sp
MAG0086,Bacillota,Clostridia,Oscillospirales,Ruminococcaceae,Angelakisella,sp004557855
MAG0087,Bacillota,Clostridia,Oscillospirales,Ruminococcaceae,UMGS1668,sp016296485
MAG0090,Actinomycetota,Coriobacteriia,Coriobacteriales,Coriobacteriaceae,Collinsella,sp002391315
MAG0091,Myxococcota,Bradymonadia,UBA4248,UBA4248,RGIG464,sp
MAG0094,Bacteroidota,Bacteroidia,Bacteroidales,Bacteroidaceae,Alloprevotella,sp004552865
MAG0096,Bacteroidota,Bacteroidia,Bacteroidales,Bacteroidaceae,Alloprevotella,sp004552155
MAG0097,Bacillota,Clostridia,Christensenellales,CAG-74,Ventricola,sp004557905
MAG0100,Bacillota,Negativicutes,Acidaminococcales,Acidaminococcaceae,Phascolarctobacterium,sp004558595
MAG0102,Bacteroidota,Bacteroidia,Bacteroidales,Bacteroidaceae,UBA4372,sp900766785
MAG0104,Spirochaetota,Spirochaetia,Treponematales,Treponemataceae,Treponema,sp016292805
MAG0105,Bacillota,Clostridia,Lachnospirales,Lachnospiraceae,Agathobacter,sp022767075
MAG0106,Bacillota,Clostridia,Oscillospirales,Acutalibacteraceae,Eubacterium,sp945876745
MAG0110,Verrucomicrobiota,Verrucomicrobiae,Verrucomicrobiales,Akkermansiaceae,Akkermansia,sp
MAG0111,Bacteroidota,Bacteroidia,Bacteroidales,UBA932,Cryptobacteroides,sp945827785
MAG0112,Bacillota,Clostridia,Lachnospirales,Lachnospiraceae,Butyribacter,sp017425575
MAG0115,Bacteroidota,Bacteroidia,Bacteroidales,Bacteroidaceae,UBA4372,sp945787235
MAG0116,Bacteroidota,Bacteroidia,Bacteroidales,Muribaculaceae,CALZFJ01,sp945645715
MAG0117,Myxococcota,Bradymonadia,UBA4248,UBA4248,UBA4248,sp945875805
MAG0119,Bacillota,Clostridia,Oscillospirales,Oscillospiraceae,Faecousia,sp016302405
MAG0120,Bacillota,Clostridia,Lachnospirales,Lachnospiraceae,Oribacterium,sp004554245
MAG0121,Bacillota,Bacilli,RF39,UBA660,UMGS2068,sp900769635
MAG0123,Bacteroidota,Bacteroidia,Bacteroidales,Bacteroidaceae,Alloprevotella,sp004558535
MAG0124,Bacteroidota,Bacteroidia,Bacteroidales,Bacteroidaceae,Alloprevotella,sp004555425
MAG0125,Bacteroidota,Bacteroidia,Bacteroidales,Bacteroidaceae,UBA4372,sp900766785
MAG0126,Bacillota,Clostridia,Lachnospirales,Lachnospiraceae,VSOB01,sp
MAG0128,Spirochaetota,Spirochaetia,Treponematales,Treponemataceae,Treponema,sp022773305
MAG0130,Campylobacterota,Campylobacteria,Campylobacterales,Campylobacteraceae,Campylobacter,sp945873855
MAG0132,Bacillota,Clostridia,Oscillospirales,Oscillospiraceae,Dysosmobacter,sp945864305
MAG0133,Bacillota,Clostridia,Oscillospirales,Oscillospiraceae,CAG-103,sp004556965
MAG0135,Bacillota,Clostridia,Oscillospirales,Oscillospiraceae,Lawsonibacter,sp000177015
MAG0137,Bacteroidota,Bacteroidia,Bacteroidales,Bacteroidaceae,Alloprevotella,sp004555425
MAG0138,Bacillota,Clostridia,Oscillospirales,Acutalibacteraceae,CAG-177,sp016297555
MAG0139,Bacillota,Clostridia,TANB77,CAG-508,CAG-793,sp
MAG0141,Bacillota,Bacilli,Lactobacillales,Streptococcaceae,Streptococcus,suis
MAG0143,Desulfobacterota,Desulfovibrionia,Desulfovibrionales,Desulfovibrionaceae,Desulfovibrio,sp900556755
MAG0144,Bacteroidota,Bacteroidia,Bacteroidales,Bacteroidaceae,Prevotella,sp900543975
MAG0147,Bacillota,Clostridia,Oscillospirales,Ruminococcaceae,Faecalibacterium,sp900539885
MAG0148,Bacillota,Bacilli,RF39,UBA660,CAG-302,sp934162325
MAG0151,Bacillota,Clostridia,Christensenellales,CAG-917,CAG-349,sp003539515
MAG0152,Actinomycetota,Coriobacteriia,Coriobacteriales,Coriobacteriaceae,Collinsella,sp002391315
MAG0153,Spirochaetota,Spirochaetia,Sphaerochaetales,Sphaerochaetaceae,Ornithospirochaeta,sp016302165
MAG0160,Bacteroidota,Bacteroidia,Bacteroidales,UBA932,Egerieousia,sp004561775
MAG0161,Spirochaetota,Spirochaetia,Treponematales,Treponemataceae,Treponema,sp945868875
MAG0162,Bacillota,Clostridia,Lachnospirales,Anaerotignaceae,Anaerotignum,sp945868505
MAG0163,Bacteroidota,Bacteroidia,Bacteroidales,Bacteroidaceae,Phocaeicola,sp
MAG0167,Bacteroidota,Bacteroidia,Bacteroidales,Bacteroidaceae,Alloprevotella,sp004555425
MAG0168,Bacteroidota,Bacteroidia,Bacteroidales,Tannerellaceae,Parabacteroides,sp
MAG0169,Bacteroidota,Bacteroidia,Bacteroidales,Bacteroidaceae,Prevotella,sp022771265
MAG0171,Bacillota,Clostridia,Christensenellales,CAG-138,SFEL01,sp004557245
MAG0174,Bacillota,Clostridia,Oscillospirales,Oscillospiraceae,Lawsonibacter,sp000177015
MAG0179,Bacillota,Clostridia,Christensenellales,CAG-138,SFEL01,sp004557245
MAG0180,Bacteroidota,Bacteroidia,Bacteroidales,Muribaculaceae,SFTJ01,sp004557385
MAG0183,Bacteroidota,Bacteroidia,Bacteroidales,Tannerellaceae,Parabacteroides,faecavium
MAG0187,Bacillota,Clostridia,Christensenellales,CAG-917,CAG-475,sp900551145
MAG0189,Spirochaetota,Spirochaetia,Sphaerochaetales,Sphaerochaetaceae,Bullifex,sp022788185
MAG0191,Bacillota,Clostridia,Oscillospirales,Oscillospiraceae,Faecousia,sp
MAG0193,Bacillota,Clostridia,Oscillospirales,Oscillospiraceae,Faecousia,sp
MAG0194,Pseudomonadota,Gammaproteobacteria,Pseudomonadales,Moraxellaceae,Acinetobacter,sp
MAG0196,Bacillota,Clostridia,Lachnospirales,Lachnospiraceae,UBA1712,sp018056665
MAG0200,Bacteroidota,Bacteroidia,Bacteroidales,Bacteroidaceae,Prevotella,sp022764085
MAG0202,Bacteroidota,Bacteroidia,Bacteroidales,UBA932,Cryptobacteroides,sp945487035
MAG0205,Bacteroidota,Bacteroidia,Bacteroidales,UBA3663,UBA3663,sp004557315
MAG0206,Verrucomicrobiota,Verrucomicrobiae,Opitutales,UBA953,Spyradosoma,sp004558035
MAG0207,Bacteroidota,Bacteroidia,Bacteroidales,Muribaculaceae,SFTJ01,sp004563195
MAG0208,Bacteroidota,Bacteroidia,Bacteroidales,UBA932,Egerieousia,sp004561775
MAG0210,Campylobacterota,Campylobacteria,Campylobacterales,Helicobacteraceae,Helicobacter,sp022770205
MAG0214,Bacillota,Bacilli,Bacillales,Planococcaceae,Psychrobacillus,psychrotolerans
MAG0217,Bacillota,Clostridia,Christensenellales,CAG-917,CAG-349,sp003539515
MAG0219,Bacteroidota,Bacteroidia,Bacteroidales,Muribaculaceae,Sodaliphilus,sp004559845
MAG0220,Bacteroidota,Bacteroidia,Bacteroidales,Bacteroidaceae,Prevotella,sp004556065
MAG0222,Bacillota,Bacilli,Erysipelotrichales,Erysipelotrichaceae,UBA636,sp002299675
MAG0223,Bacillota,Bacilli,RF39,UBA660,CAG-611,sp934098705
MAG0224,Bacillota,Clostridia,Lachnospirales,Lachnospiraceae,Pararoseburia,sp
MAG0225,Spirochaetota,Spirochaetia,Sphaerochaetales,Sphaerochaetaceae,Ornithospirochaeta,sp022785155
MAG0228,Bacteroidota,Bacteroidia,Bacteroidales,Muribaculaceae,SFTJ01,sp004563195
MAG0230,Bacillota,Clostridia,Peptostreptococcales,Anaerovoracaceae,VUNA01,sp002299625
MAG0231,Bacillota,Negativicutes,Selenomonadales,Selenomonadaceae,Anaerovibrio,slackiae
MAG0232,Bacteroidota,Bacteroidia,Bacteroidales,Tannerellaceae,Parabacteroides,sp022775005
MAG0233,Bacteroidota,Bacteroidia,Bacteroidales,Muribaculaceae,SFTJ01,sp004563195
MAG0234,Bacteroidota,Bacteroidia,Bacteroidales,UBA932,Egerieousia,sp004561775
MAG0237,Spirochaetota,Spirochaetia,Sphaerochaetales,Sphaerochaetaceae,Bullifex,sp022788185
MAG0239,Bacillota,Clostridia,Oscillospirales,Oscillospiraceae,Vescimonas,sp945877515
MAG0242,Bacillota,Clostridia,Christensenellales,CAG-74,Ventricola,sp004557905
MAG0244,Bacillota,Bacilli,RF39,UBA660,CAG-877,sp934162125
MAG0245,Bacillota,Clostridia,Christensenellales,CAG-138,PeH17,sp004556165
MAG0247,Bacillota,Clostridia,TANB77,CAG-508,UMGS1781,sp004554705
MAG0252,Bacillota,Clostridia,TANB77,CAG-508,CAG-269,sp014846485
MAG0257,Bacteroidota,Bacteroidia,Bacteroidales,Muribaculaceae,SFTJ01,sp004563195
MAG0258,Bacillota,Clostridia,Oscillospirales,Acutalibacteraceae,CAG-177,sp016297555
MAG0259,Bacillota,Bacilli,Erysipelotrichales,Erysipelotrichaceae,UBA636,sp002299675
MAG0260,Bacillota,Clostridia,Oscillospirales,Oscillospiraceae,Faecousia,sp
MAG0261,Pseudomonadota,Gammaproteobacteria,Burkholderiales,Rhodocyclaceae,SFHR01,sp004555545
MAG0262,Bacteroidota,Bacteroidia,Bacteroidales,Bacteroidaceae,Alloprevotella,sp004552155
MAG0264,Spirochaetota,Spirochaetia,Sphaerochaetales,Sphaerochaetaceae,Ornithospirochaeta,sp016302165
MAG0265,Bacteroidota,Bacteroidia,Bacteroidales,Bacteroidaceae,UBA4372,sp
MAG0268,Bacteroidota,Bacteroidia,Bacteroidales,Muribaculaceae,Sodaliphilus,sp004559845
MAG0269,Bacillota,Negativicutes,Acidaminococcales,Acidaminococcaceae,Phascolarctobacterium,sp004558595
MAG0271,Bacteroidota,Bacteroidia,Bacteroidales,Bacteroidaceae,Prevotella,sp900548195
MAG0272,Bacillota,Clostridia,Lachnospirales,Lachnospiraceae,Roseburia,sp945787015
MAG0275,Bacillota,Clostridia,Oscillospirales,Acutalibacteraceae,Ruminococcus,sp
MAG0278,Bacillota,Negativicutes,Acidaminococcales,Acidaminococcaceae,Phascolarctobacterium,sp004558595
MAG0280,Bacteroidota,Bacteroidia,Bacteroidales,Muribaculaceae,SFTJ01,sp004563195
MAG0281,Bacteroidota,Bacteroidia,Bacteroidales,Bacteroidaceae,Prevotella,sp004557285
MAG0282,Campylobacterota,Campylobacteria,Campylobacterales,Campylobacteraceae,Campylobacter,sp945873855
MAG0284,Pseudomonadota,Gammaproteobacteria,Enterobacterales,Enterobacteriaceae,Klebsiella,terrigena
MAG0288,Bacteroidota,Bacteroidia,Bacteroidales,Muribaculaceae,Sodaliphilus,sp004557565
MAG0289,Bacteroidota,Bacteroidia,Bacteroidales,UBA932,Egerieousia,sp004561775
MAG0293,Pseudomonadota,Alphaproteobacteria,Rs-D84,Rs-D84,Enterousia,sp945483255
MAG0294,Bacteroidota,Bacteroidia,Bacteroidales,Bacteroidaceae,UBA4372,sp900766785
MAG0295,Spirochaetota,Spirochaetia,Treponematales,Treponemataceae,Treponema,sp022773305
MAG0296,Bacteroidota,Bacteroidia,Bacteroidales,Bacteroidaceae,Alloprevotella,sp004552155
MAG0298,Campylobacterota,Campylobacteria,Campylobacterales,Campylobacteraceae,Campylobacter,sp945873855
MAG0299,Spirochaetota,Spirochaetia,Sphaerochaetales,Sphaerochaetaceae,Ornithospirochaeta,sp
MAG0300,Bacteroidota,Bacteroidia,Bacteroidales,Bacteroidaceae,Alloprevotella,sp004562975
MAG0301,Bacillota,Clostridia,Peptostreptococcales,Anaerovoracaceae,RUG099,sp
MAG0302,Bacillota,Clostridia,Oscillospirales,Oscillospiraceae,Vescimonas,sp
MAG0303,Bacteroidota,Bacteroidia,Bacteroidales,UBA932,Cryptobacteroides,sp022777585
MAG0304,Spirochaetota,Spirochaetia,Sphaerochaetales,Sphaerochaetaceae,Bullifex,sp022788185
MAG0306,Bacteroidota,Bacteroidia,Bacteroidales,UBA932,Cryptobacteroides,sp945870315
MAG0309,Bacteroidota,Bacteroidia,Bacteroidales,Muribaculaceae,CAG-485,sp004553095
MAG0310,Bacteroidota,Bacteroidia,Bacteroidales,Bacteroidaceae,Alloprevotella,sp004552155
MAG0313,Bacillota,Negativicutes,Veillonellales,Megasphaeraceae,Megasphaera,elsdenii
MAG0314,Pseudomonadota,Gammaproteobacteria,Enterobacterales,Succinivibrionaceae,Succinivibrio,sp000431835
MAG0315,Bacteroidota,Bacteroidia,Bacteroidales,Bacteroidaceae,Prevotella,sp945788545
MAG0317,Bacteroidota,Bacteroidia,Bacteroidales,Bacteroidaceae,Alloprevotella,sp004555055
MAG0318,Bacteroidota,Bacteroidia,Bacteroidales,Muribaculaceae,Sodaliphilus,sp004559845
MAG0319,Bacteroidota,Bacteroidia,Bacteroidales,UBA932,Cryptobacteroides,sp004552115
MAG0320,Bacteroidota,Bacteroidia,Bacteroidales,Bacteroidaceae,Alloprevotella,sp004555425
MAG0321,Bacteroidota,Bacteroidia,Bacteroidales,Bacteroidaceae,UBA4372,sp004559785
MAG0324,Bacillota,Clostridia,Peptostreptococcales,Anaerovoracaceae,Lentihominibacter,sp022775805
MAG0327,Bacteroidota,Bacteroidia,Bacteroidales,Paludibacteraceae,RF16,sp022777485
MAG0328,Bacteroidota,Bacteroidia,Bacteroidales,Muribaculaceae,SFTJ01,sp004557385
MAG0332,Bacillota,Clostridia,Christensenellales,CAG-74,Ventricola,sp004557905
MAG0346,Actinomycetota,Coriobacteriia,Coriobacteriales,Atopobiaceae,Atopobium,sp
MAG0347,Bacteroidota,Bacteroidia,Bacteroidales,Bacteroidaceae,Prevotella,sp
MAG0351,Synergistota,Synergistia,Synergistales,Synergistaceae,Cloacibacillus,porcorum
MAG0352,Bacteroidota,Bacteroidia,Bacteroidales,Paludibacteraceae,RF16,sp022777485
MAG0353,Bacteroidota,Bacteroidia,Bacteroidales,Muribaculaceae,SFTJ01,sp004563195
MAG0354,Campylobacterota,Campylobacteria,Campylobacterales,Campylobacteraceae,Campylobacter,sp945873855
MAG0355,Bacillota,Clostridia,Lachnospirales,Lachnospiraceae,Agathobacter,sp
MAG0356,Bacillota,Clostridia,Oscillospirales,Oscillospiraceae,Vescimonas,sp945877515
MAG0357,Bacillota,Negativicutes,Acidaminococcales,Acidaminococcaceae,Phascolarctobacterium,sp900553055
MAG0359,Bacillota,Clostridia,Oscillospirales,Acutalibacteraceae,Ruminococcus,bovis
MAG0360,Bacteroidota,Bacteroidia,Bacteroidales,Muribaculaceae,SFTJ01,sp004563195
MAG0361,Bacillota,Clostridia,Peptostreptococcales,Anaerovoracaceae,Lentihominibacter,sp022775805
MAG0362,Bacillota,Clostridia,Oscillospirales,Acutalibacteraceae,Fimenecus,sp
MAG0363,Bacillota,Clostridia,Peptostreptococcales,Anaerovoracaceae,JALEJU01,sp022769485
MAG0365,Bacillota,Clostridia,Lachnospirales,Lachnospiraceae,spp,sp
MAG0366,Bacillota,Bacilli,RF39,UBA660,CAG-302,sp934183705
MAG0367,Bacteroidota,Bacteroidia,Bacteroidales,Muribaculaceae,Sodaliphilus,sp004557565
MAG0368,Bacteroidota,Bacteroidia,Bacteroidales,UBA932,Cryptobacteroides,sp004554455
MAG0371,Bacteroidota,Bacteroidia,Bacteroidales,Muribaculaceae,SFTJ01,sp004563195
MAG0372,Bacteroidota,Bacteroidia,Bacteroidales,Bacteroidaceae,Prevotella,sp900544495
MAG0373,Bacillota,Clostridia,Oscillospirales,Ruminococcaceae,Angelakisella,sp004557855
MAG0374,Bacillota,Clostridia,TANB77,CAG-508,CAG-269,sp
MAG0376,Bacteroidota,Bacteroidia,Bacteroidales,Paludibacteraceae,RF16,sp022777485
MAG0382,Bacillota,Clostridia,Oscillospirales,Oscillospiraceae,Vescimonas,sp000435555
MAG0385,Bacillota,Clostridia,Lachnospirales,Lachnospiraceae,Lachnoclostridium,sp
MAG0386,Bacillota,Clostridia,Oscillospirales,Acutalibacteraceae,Fimenecus,sp004556705
MAG0388,Bacillota,Clostridia,TANB77,CAG-508,CALXUC01,sp934182605
MAG0390,Bacteroidota,Bacteroidia,Bacteroidales,Paludibacteraceae,RF16,sp022777485
MAG0391,Bacteroidota,Bacteroidia,Bacteroidales,Muribaculaceae,Sodaliphilus,sp004559845
MAG0393,Bacillota,Clostridia,Peptostreptococcales,Anaerovoracaceae,RGIG7179,sp016302925
MAG0394,Bacillota,Clostridia,Oscillospirales,Acutalibacteraceae,Eubacterium,sp945876745
MAG0395,Bacteroidota,Bacteroidia,Bacteroidales,Muribaculaceae,SFTJ01,sp004557385
MAG0398,Bacillota,Clostridia,TANB77,CAG-508,UMGS1994,sp900556975
MAG0401,Bacillota,Clostridia,Oscillospirales,Ruminococcaceae,Faecalibacterium,sp003449675
MAG0403,Bacillota,Clostridia,Lachnospirales,Lachnospiraceae,CAG-317,sp000433535
MAG0405,Bacteroidota,Bacteroidia,Bacteroidales,Muribaculaceae,CAG-485,sp004553095
MAG0406,Spirochaetota,Spirochaetia,Sphaerochaetales,Sphaerochaetaceae,Bullifex,porci
MAG0409,Bacillota,Clostridia,Oscillospirales,Acutalibacteraceae,CAG-177,sp003514385
MAG0412,Bacillota,Clostridia,Oscillospirales,Oscillospiraceae,CAG-103,sp900317855
MAG0415,Bacillota,Clostridia,Oscillospirales,Acutalibacteraceae,Eubacterium,sp945876745
MAG0417,Bacteroidota,Bacteroidia,Bacteroidales,Bacteroidaceae,UBA4372,sp004559785
MAG0418,Desulfobacterota,Desulfovibrionia,Desulfovibrionales,Desulfovibrionaceae,Desulfovibrio,sp900556755
MAG0419,Actinomycetota,Actinomycetia,Actinomycetales,Bifidobacteriaceae,Bifidobacterium,pseudolongum
MAG0420,Bacteroidota,Bacteroidia,Bacteroidales,Bacteroidaceae,Alloprevotella,sp004562975
MAG0421,Bacteroidota,Bacteroidia,Bacteroidales,Bacteroidaceae,UBA4372,sp900766785
MAG0422,Desulfobacterota,Desulfovibrionia,Desulfovibrionales,Desulfovibrionaceae,Desulfovibrio,sp900319575
MAG0423,Bacillota,Clostridia,Oscillospirales,Oscillospiraceae,Faecousia,sp
MAG0425,Bacillota,Clostridia,Oscillospirales,Oscillospiraceae,JAHHSE01,sp
MAG0428,Bacillota,Clostridia,Oscillospirales,Oscillospiraceae,Lawsonibacter,phocaeensis
MAG0430,Bacillota,Clostridia,Oscillospirales,Oscillospiraceae,CAG-103,sp900317855
MAG0435,Bacillota,Clostridia,Oscillospirales,Oscillospiraceae,CAG-170,sp003516765
MAG0448,Pseudomonadota,Gammaproteobacteria,Burkholderiales,Burkholderiaceae,Duodenibacillus,sp900544335
MAG0449,Bacillota,Negativicutes,Acidaminococcales,Acidaminococcaceae,Phascolarctobacterium,sp004558595
MAG0450,Bacillota,Clostridia,Lachnospirales,Lachnospiraceae,CAG-95,sp017622575
MAG0451,Actinomycetota,Coriobacteriia,Coriobacteriales,Eggerthellaceae,W1P20-047,sp004555335
MAG0452,Bacteroidota,Bacteroidia,Bacteroidales,UBA932,Cryptobacteroides,sp000434935
MAG0453,Bacteroidota,Bacteroidia,Bacteroidales,Muribaculaceae,CAG-873,sp
MAG0454,Bacteroidota,Bacteroidia,Bacteroidales,Muribaculaceae,SFTJ01,sp905210415
MAG0456,Bacillota,Clostridia,Oscillospirales,Oscillospiraceae,Vescimonas,sp900313295
MAG0457,Bacteroidota,Bacteroidia,Bacteroidales,Tannerellaceae,Parabacteroides,sp
MAG0458,Bacillota,Negativicutes,Acidaminococcales,Acidaminococcaceae,Phascolarctobacterium,sp004558595
MAG0461,Bacillota,Clostridia,Oscillospirales,Butyricicoccaceae,Butyricicoccus,sp945872165
MAG0464,Bacteroidota,Bacteroidia,Bacteroidales,Paludibacteraceae,RF16,sp022777485
MAG0466,Bacteroidota,Bacteroidia,Bacteroidales,Bacteroidaceae,Bacteroides,heparinolyticus
MAG0468,Actinomycetota,Coriobacteriia,Coriobacteriales,Eggerthellaceae,Eggerthella,lenta
MAG0471,Bacteroidota,Bacteroidia,Bacteroidales,Paludibacteraceae,RF16,sp900556095
MAG0475,Bacillota,Bacilli,RF39,UBA660,CAG-1000,sp000436975
MAG0476,Bacteroidota,Bacteroidia,Bacteroidales,Muribaculaceae,Sodaliphilus,sp004559845
MAG0477,Bacillota,Clostridia,Christensenellales,CAG-138,UBA1685,sp002320595
MAG0479,Bacillota,Bacilli,RF39,UBA660,CAG-533,sp900553855
MAG0480,Bacteroidota,Bacteroidia,Bacteroidales,Bacteroidaceae,Prevotella,sp022764085
MAG0484,Bacillota,Bacilli,Erysipelotrichales,Erysipelotrichaceae,JAHHTG01,sp
MAG0485,Campylobacterota,Campylobacteria,Campylobacterales,Campylobacteraceae,Campylobacter,sp945873855
MAG0486,Bacillota,Clostridia,Oscillospirales,CAG-272,CAG-272,sp000433515
MAG0491,Bacillota,Clostridia,Oscillospirales,Acutalibacteraceae,CAG-177,sp003514385
MAG0497,Bacillota,Clostridia,Oscillospirales,Oscillospiraceae,Limivicinus,sp
MAG0501,Bacteroidota,Bacteroidia,Bacteroidales,Bacteroidaceae,Phocaeicola,plebeius
MAG0502,Bacteroidota,Bacteroidia,Bacteroidales,Marinifilaceae,Odoribacter,sp905193145
MAG0506,Bacteroidota,Bacteroidia,Bacteroidales,UBA932,Egerieousia,sp004561775
MAG0507,Bacillota,Clostridia,Oscillospirales,Ruminococcaceae,Angelakisella,sp004557855
MAG0511,Bacteroidota,Bacteroidia,Bacteroidales,UBA932,Cryptobacteroides,sp900546445
MAG0513,Bacillota,Clostridia,Oscillospirales,Oscillospiraceae,Vescimonas,sp000435975
MAG0515,Spirochaetota,Spirochaetia,Sphaerochaetales,Sphaerochaetaceae,Ornithospirochaeta,sp016302165
MAG0516,Desulfobacterota,Desulfovibrionia,Desulfovibrionales,Desulfovibrionaceae,Desulfovibrio,sp900556755
MAG0518,Bacillota,Bacilli,RFN20,CAG-288,Enterosoma,sp022774485
MAG0523,Elusimicrobiota,Elusimicrobia,Elusimicrobiales,Elusimicrobiaceae,UBA1436,sp934667625
MAG0525,Spirochaetota,Spirochaetia,Sphaerochaetales,Sphaerochaetaceae,Ornithospirochaeta,sp022785155
MAG0526,Bacteroidota,Bacteroidia,Bacteroidales,Bacteroidaceae,Prevotella,sp900552675
MAG0528,Bacillota,Clostridia,Oscillospirales,Ruminococcaceae,Faecalibacterium,prausnitzii
MAG0529,Bacteroidota,Bacteroidia,Bacteroidales,Bacteroidaceae,Alloprevotella,sp945869305
MAG0530,Campylobacterota,Campylobacteria,Campylobacterales,Campylobacteraceae,Campylobacter,sp945873855
MAG0531,Bacillota,Clostridia,Oscillospirales,Acutalibacteraceae,Eubacterium,sp900543795
MAG0533,Bacillota,Clostridia,Christensenellales,CAG-74,Ventricola,sp004557905
MAG0535,Bacillota,Clostridia,TANB77,CAG-508,CAG-269,sp
MAG0537,Bacillota,Clostridia,Lachnospirales,Lachnospiraceae,Agathobacter,sp000434275
MAG0538,Bacteroidota,Bacteroidia,Bacteroidales,Muribaculaceae,Sodaliphilus,sp004559845
MAG0539,Bacillota,Clostridia,Oscillospirales,Acutalibacteraceae,CAG-177,sp003514385
MAG0540,Bacillota,Clostridia,Lachnospirales,Lachnospiraceae,Blautia,sp000285855
MAG0542,Bacillota,Clostridia,Christensenellales,UBA3700,HGM11368,sp945872615
MAG0544,Bacteroidota,Bacteroidia,Bacteroidales,UBA932,Cryptobacteroides,sp004552115
MAG0546,Bacillota,Clostridia,Oscillospirales,Ruminococcaceae,Gemmiger,formicilis
MAG0550,Bacteroidota,Bacteroidia,Bacteroidales,Bacteroidaceae,UBA4372,sp900766785
MAG0551,Bacteroidota,Bacteroidia,Bacteroidales,Muribaculaceae,Sodaliphilus,sp004559845
MAG0553,Bacteroidota,Bacteroidia,Bacteroidales,UBA932,Cryptobacteroides,sp004552115
MAG0554,Bacillota,Clostridia,Oscillospirales,Acutalibacteraceae,Eubacterium,sp945876745
MAG0557,Bacillota,Clostridia,Oscillospirales,Oscillospiraceae,CAG-103,sp900757655
MAG0559,Bacteroidota,Bacteroidia,Bacteroidales,Muribaculaceae,SFTJ01,sp004563195
MAG0560,Bacteroidota,Bacteroidia,Bacteroidales,Bacteroidaceae,Alloprevotella,sp004555055
MAG0561,Bacillota,Clostridia,Oscillospirales,Ruminococcaceae,Negativibacillus,massiliensis
MAG0562,Desulfobacterota,Desulfovibrionia,Desulfovibrionales,Desulfovibrionaceae,Mailhella,sp
MAG0563,Bacillota,Clostridia,Oscillospirales,Oscillospiraceae,JAHHSE01,sp
MAG0573,Bacteroidota,Bacteroidia,Bacteroidales,Bacteroidaceae,UBA4372,sp900766785
MAG0574,Bacillota,Clostridia,Christensenellales,CAG-917,CAG-475,sp900548005
MAG0580,Bacillota,Clostridia,Lachnospirales,Lachnospiraceae,Suipraeoptans,intestinalis
MAG0581,Bacillota,Clostridia,Tissierellales,Peptoniphilaceae,Peptoniphilus,sp022767005
MAG0582,Bacillota,Clostridia,Oscillospirales,Ruminococcaceae,Fournierella,sp002160145
MAG0588,Bacillota,Clostridia,Tissierellales,Peptoniphilaceae,Anaerococcus,sp022770135
MAG0590,Bacillota,Clostridia,Oscillospirales,Oscillospiraceae,Vescimonas,sp934591815
MAG0599,Eremiobacterota,Xenobia,Xenobiales,Xenobiaceae,JAFSXO01,sp
MAG0601,Spirochaetota,Spirochaetia,Treponematales,Treponemataceae,Treponema,sp900769985
MAG0603,Spirochaetota,Spirochaetia,Sphaerochaetales,Sphaerochaetaceae,Ornithospirochaeta,sp016302165
MAG0605,Bacteroidota,Bacteroidia,Bacteroidales,Bacteroidaceae,Alloprevotella,sp004556745
MAG0607,Bacteroidota,Bacteroidia,Bacteroidales,Bacteroidaceae,Prevotella,sp004555245
MAG0610,Bacteroidota,Bacteroidia,Bacteroidales,Muribaculaceae,SFTJ01,sp004557385
MAG0614,Bacillota,Clostridia,Lachnospirales,Lachnospiraceae,Roseburia,sp945787015
MAG0616,Bacteroidota,Bacteroidia,Bacteroidales,Bacteroidaceae,Alloprevotella,sp004557185
MAG0617,Bacillota,Clostridia,Oscillospirales,Oscillospiraceae,Dysosmobacter,sp004558115
MAG0618,Bacillota,Clostridia,Oscillospirales,Oscillospiraceae,Pseudoscilispira,sp
MAG0619,Bacillota,Clostridia,Oscillospirales,Acutalibacteraceae,UBA6857,sp016293225
MAG0624,Bacteroidota,Bacteroidia,Bacteroidales,Muribaculaceae,SFTJ01,sp004557385
MAG0625,Bacillota,Clostridia,Oscillospirales,Butyricicoccaceae,Butyricicoccus,sp
MAG0626,Bacillota,Clostridia,Christensenellales,CAG-917,CAG-349,sp003539515
MAG0632,Bacillota,Clostridia,Christensenellales,CAG-74,Limiplasma,sp900550955
MAG0633,Campylobacterota,Campylobacteria,Campylobacterales,Campylobacteraceae,Campylobacter,coli
MAG0636,Bacteroidota,Bacteroidia,Bacteroidales,UBA932,Cryptobacteroides,sp900769905
MAG0638,Actinomycetota,Coriobacteriia,Coriobacteriales,Coriobacteriaceae,Collinsella,sp002391315
MAG0639,Bacillota,Clostridia,Oscillospirales,Acutalibacteraceae,UBA1417,sp004555625
MAG0641,Pseudomonadota,Gammaproteobacteria,Enterobacterales,Pasteurellaceae,Basfia,porcinus
MAG0646,Bacillota,Bacilli,Erysipelotrichales,Erysipelotrichaceae,JAHHTG01,sp
MAG0647,Bacteroidota,Bacteroidia,Bacteroidales,Muribaculaceae,CAG-873,sp017889945
MAG0648,Bacteroidota,Bacteroidia,Bacteroidales,Muribaculaceae,SFTJ01,sp004557385
MAG0649,Bacteroidota,Bacteroidia,Bacteroidales,UBA932,Cryptobacteroides,sp
MAG0650,Bacillota,Clostridia,Christensenellales,CAG-917,CAG-475,sp900763875
MAG0652,Spirochaetota,Spirochaetia,Sphaerochaetales,Sphaerochaetaceae,Bullifex,sp022788185
MAG0653,Bacteroidota,Bacteroidia,Bacteroidales,Bacteroidaceae,Alloprevotella,sp004555425
MAG0655,Bacteroidota,Bacteroidia,Bacteroidales,Bacteroidaceae,Mediterranea,sp945879145
MAG0658,Bacillota,Clostridia,Oscillospirales,Acutalibacteraceae,UBA737,sp945875045
MAG0659,Bacteroidota,Bacteroidia,Bacteroidales,Bacteroidaceae,Prevotella,sp900317545
MAG0663,Bacteroidota,Bacteroidia,Bacteroidales,Tannerellaceae,Parabacteroides,sp022775005
MAG0669,Bacillota,Clostridia,Oscillospirales,Oscillospiraceae,UBA738,sp004557735
MAG0674,Bacteroidota,Bacteroidia,Bacteroidales,UBA932,Egerieousia,sp004561775
MAG0678,Bacteroidota,Bacteroidia,Bacteroidales,Bacteroidaceae,Mediterranea,sp945879145
MAG0679,Bacteroidota,Bacteroidia,Bacteroidales,Bacteroidaceae,UBA4372,sp900766785
MAG0686,Spirochaetota,Spirochaetia,Sphaerochaetales,Sphaerochaetaceae,Bullifex,sp022788185
MAG0687,Bacillota,Clostridia,Christensenellales,UBA1242,UMGS687,sp
MAG0688,Spirochaetota,Spirochaetia,Treponematales,Treponemataceae,Treponema,sp018385415
MAG0691,Bacillota,Clostridia,Christensenellales,UBA1242,UMGS687,sp
MAG0692,Bacteroidota,Bacteroidia,Bacteroidales,UBA932,Cryptobacteroides,sp018384035
MAG0694,Bacillota,Clostridia,Oscillospirales,Butyricicoccaceae,Butyricicoccus,sp
MAG0697,Bacillota,Clostridia,Oscillospirales,Oscillospiraceae,UBA738,sp004557735
MAG0705,Bacteroidota,Bacteroidia,Bacteroidales,Tannerellaceae,Parabacteroides,sp
MAG0706,Bacillota,Clostridia,Peptostreptococcales,Anaerovoracaceae,RGIG7111,sp945873875
MAG0707,Bacteroidota,Bacteroidia,Bacteroidales,Bacteroidaceae,Prevotella,sp004556065
MAG0716,Verrucomicrobiota,Kiritimatiellia,RFP12,UBA1067,UBA1067,sp004551905
MAG0717,Bacillota,Clostridia,Peptostreptococcales,Anaerovoracaceae,Lentihominibacter,sp022775805
MAG0719,Bacillota,Clostridia,UBA1381,UMGS1253,Aphodoplasma,sp
MAG0720,Bacteroidota,Bacteroidia,Bacteroidales,Bacteroidaceae,Alloprevotella,sp004555425
MAG0723,Verrucomicrobiota,Kiritimatiellia,RFP12,UBA1067,Spyradenecus,sp004555175
MAG0724,Bacteroidota,Bacteroidia,Bacteroidales,Marinifilaceae,Butyricimonas,virosa
MAG0731,Bacteroidota,Bacteroidia,Bacteroidales,Bacteroidaceae,Bacteroides,thetaiotaomicron
MAG0732,Bacillota,Clostridia,Oscillospirales,Oscillospiraceae,Dysosmobacter,sp001916835
MAG0734,Bacteroidota,Bacteroidia,Bacteroidales,Bacteroidaceae,Phocaeicola,massiliensis
MAG0736,Bacteroidota,Bacteroidia,Bacteroidales,Rikenellaceae,Alistipes,sp945494785
MAG0741,Bacillota,Clostridia,Lachnospirales,Lachnospiraceae,UBA11774,sp900556645
MAG0744,Bacteroidota,Bacteroidia,Bacteroidales,UBA932,Cryptobacteroides,sp022777585
MAG0750,Bacillota,Clostridia,Oscillospirales,Oscillospiraceae,RGIG3159,sp
MAG0755,Bacteroidota,Bacteroidia,Bacteroidales,Muribaculaceae,SFTJ01,sp004557385
MAG0759,Bacteroidota,Bacteroidia,Bacteroidales,Bacteroidaceae,Prevotella,sp002251365
MAG0760,Bacillota,Clostridia,Lachnospirales,Lachnospiraceae,CAKRHR01,sp022770525
MAG0762,Desulfobacterota,Desulfovibrionia,Desulfovibrionales,Desulfovibrionaceae,Desulfovibrio,sp
MAG0764,Bacillota,Clostridia,Oscillospirales,Acutalibacteraceae,UBA1227,sp900545655
MAG0769,Spirochaetota,Spirochaetia,Sphaerochaetales,Sphaerochaetaceae,Ornithospirochaeta,sp016302165
MAG0771,Bacteroidota,Bacteroidia,Bacteroidales,UBA932,Egerieousia,sp004561775
MAG0772,Bacillota,Clostridia,Oscillospirales,Oscillospiraceae,Vescimonas,sp003487665
MAG0773,Bacillota,Clostridia,Oscillospirales,Oscillospiraceae,Faecousia,sp022777455
MAG0775,Bacillota,Bacilli,Lactobacillales,Streptococcaceae,Streptococcus,parauberis
MAG0779,Bacteroidota,Bacteroidia,Bacteroidales,Muribaculaceae,SFTJ01,sp004557385
MAG0781,Bacteroidota,Bacteroidia,Bacteroidales,UBA932,Cryptobacteroides,sp022777585
MAG0782,Bacillota,Clostridia,Lachnospirales,Lachnospiraceae,MD308,sp
MAG0784,Bacillota,Clostridia,Oscillospirales,Oscillospiraceae,Limivicinus,sp
MAG0786,Bacteroidota,Bacteroidia,Bacteroidales,Bacteroidaceae,Prevotella,sp002251365
MAG0787,Bacteroidota,Bacteroidia,Bacteroidales,Bacteroidaceae,Alloprevotella,sp004552865
MAG0788,Spirochaetota,Spirochaetia,Treponematales,Treponemataceae,Treponema,sp016293005
MAG0789,Bacteroidota,Bacteroidia,Bacteroidales,Bacteroidaceae,Prevotella,sp
MAG0793,Spirochaetota,Spirochaetia,Treponematales,Treponemataceae,Treponema,porcinum
MAG0798,Bacteroidota,Bacteroidia,Bacteroidales,UBA932,Cryptobacteroides,sp004552115
MAG0799,Bacteroidota,Bacteroidia,Bacteroidales,Bacteroidaceae,Prevotella,sp022771625
MAG0800,Eremiobacterota,Xenobia,Xenobiales,Xenobiaceae,Bruticola,sp004554425
MAG0802,Bacillota,Clostridia,Oscillospirales,Oscillospiraceae,Faecousia,sp
MAG0803,Bacillota,Clostridia,TANB77,CAG-508,CAG-245,sp900552135
MAG0804,Spirochaetota,Spirochaetia,Sphaerochaetales,Sphaerochaetaceae,Bullifex,sp022788185
MAG0806,Bacteroidota,Bacteroidia,Bacteroidales,Bacteroidaceae,Alloprevotella,sp004552155
MAG0807,Bacteroidota,Bacteroidia,Bacteroidales,UBA932,Egerieousia,sp004561775
MAG0808,Bacteroidota,Bacteroidia,Bacteroidales,UBA932,Cryptobacteroides,sp945874155
MAG0810,Deferribacterota,Deferribacteres,Deferribacterales,Mucispirillaceae,Mucispirillum,sp
MAG0812,Bacteroidota,Bacteroidia,Bacteroidales,UBA932,Cryptobacteroides,sp
MAG0813,Bacillota,Clostridia,Lachnospirales,Lachnospiraceae,Blautia,sp
MAG0814,Bacillota,Clostridia,Oscillospirales,Oscillospiraceae,Enterenecus,sp004560375
MAG0815,Bacillota,Bacilli,RF39,UBA660,Aphodocola,sp900771805
MAG0818,Bacteroidota,Bacteroidia,Bacteroidales,Paludibacteraceae,RF16,sp900542355
MAG0819,Bacillota,Clostridia,Oscillospirales,Ruminococcaceae,Faecalibacterium,prausnitzii
MAG0820,Bacillota,Bacilli,Lactobacillales,Streptococcaceae,Streptococcus,hyointestinalis
MAG0821,Bacteroidota,Bacteroidia,Bacteroidales,UBA932,Cryptobacteroides,sp945874155
MAG0824,Bacillota,Clostridia,Peptostreptococcales,Anaerovoracaceae,Lentihominibacter,sp022775805
MAG0825,Bacillota,Clostridia,Oscillospirales,Butyricicoccaceae,Butyricicoccus,sp004555915
MAG0826,Campylobacterota,Campylobacteria,Campylobacterales,Helicobacteraceae,Helicobacter,sp002287135
MAG0828,Bacteroidota,Bacteroidia,Bacteroidales,Tannerellaceae,Parabacteroides,faecavium
MAG0829,Bacillota,Clostridia,Lachnospirales,Lachnospiraceae,UBA2821,sp
MAG0830,Desulfobacterota,Desulfovibrionia,Desulfovibrionales,Desulfovibrionaceae,Desulfovibrio,sp
MAG0835,Bacillota,Clostridia,Christensenellales,CAG-74,Ventricola,sp004557905
MAG0838,Bacillota,Clostridia,Oscillospirales,Oscillospiraceae,Limivicinus,sp022787565
MAG0839,Bacillota,Clostridia,Oscillospirales,Oscillospiraceae,Faecousia,sp004562395
MAG0840,Bacillota,Clostridia,Oscillospirales,Acutalibacteraceae,Ruminococcus,sp022779485
MAG0841,Bacteroidota,Bacteroidia,Bacteroidales,Muribaculaceae,SFTJ01,sp004563195
MAG0842,Bacillota,Bacilli,RF39,UBA660,CAG-1000,sp000434555
MAG0844,Bacteroidota,Bacteroidia,Bacteroidales,Bacteroidaceae,UBA4372,sp900766785
MAG0846,Bacteroidota,Bacteroidia,Bacteroidales,UBA932,Egerieousia,sp004561775
MAG0849,Bacillota,Clostridia,Christensenellales,CAG-74,UBA11524,sp
MAG0850,Bacillota,Clostridia,Oscillospirales,Ruminococcaceae,RGIG1955,sp
MAG0852,Bacillota,Clostridia,Oscillospirales,Acutalibacteraceae,UBA6857,sp016293225
MAG0854,Bacteroidota,Bacteroidia,Bacteroidales,UBA932,Egerieousia,sp004561775
MAG0857,Bacillota,Clostridia,Oscillospirales,Acutalibacteraceae,CAG-177,sp003514385
MAG0859,Bacteroidota,Bacteroidia,Bacteroidales,Bacteroidaceae,Prevotella,sp022771625
MAG0863,Bacteroidota,Bacteroidia,Bacteroidales,UBA932,Cryptobacteroides,sp004552115
MAG0864,Bacillota,Clostridia,Peptostreptococcales,Anaerovoracaceae,Lentihominibacter,sp022775805
MAG0865,Bacillota,Clostridia,Christensenellales,CAG-138,Phil1,sp001940855
MAG0866,Bacteroidota,Bacteroidia,Bacteroidales,Muribaculaceae,SFTJ01,sp004563195
MAG0867,Bacillota,Clostridia,Oscillospirales,Acutalibacteraceae,Eubacterium,sp
MAG0869,Bacteroidota,Bacteroidia,Bacteroidales,Bacteroidaceae,Prevotella,sp900544495
MAG0871,Bacteroidota,Bacteroidia,Bacteroidales,UBA932,Egerieousia,sp004561775
MAG0873,Bacillota,Clostridia,Christensenellales,CAG-917,CAG-1138,sp000434675
MAG0876,Bacillota,Clostridia,Oscillospirales,Acutalibacteraceae,CAG-177,sp003514385
MAG0878,Bacillota,Clostridia,Oscillospirales,Acutalibacteraceae,Eubacterium,sp
MAG0879,Bacillota,Clostridia,Lachnospirales,Lachnospiraceae,UBA11957,sp016301965
MAG0880,Bacillota,Clostridia,Oscillospirales,Oscillospiraceae,F23-B02,sp022784505
MAG0883,Bacillota,Clostridia,Lachnospirales,Lachnospiraceae,Eubacterium,sp022769325
MAG0884,Bacillota,Clostridia,Oscillospirales,Acutalibacteraceae,Fimenecus,sp004555265
MAG0888,Bacillota,Clostridia,TANB77,CAG-508,CAG-273,sp003507395
MAG0890,Bacillota,Clostridia,Oscillospirales,Ruminococcaceae,Faecalibacterium,sp900539885
MAG0892,Bacillota,Bacilli,RFN20,CAG-288,Enterosoma,sp022774485
MAG0894,Patescibacteria,Saccharimonadia,Saccharimonadales,Nanosyncoccaceae,UBA2834,sp004561445
MAG0895,Bacillota,Clostridia,Oscillospirales,Acutalibacteraceae,UBA3753,sp
MAG0897,Bacteroidota,Bacteroidia,Bacteroidales,Bacteroidaceae,Alloprevotella,sp004555055
MAG0899,Bacillota,Clostridia,Oscillospirales,Oscillospiraceae,UBA738,sp004557735
MAG0900,Bacillota,Bacilli,RF39,UBA660,Onthousia,sp000438295
MAG0901,Campylobacterota,Campylobacteria,Campylobacterales,Campylobacteraceae,Campylobacter,sp945873855
MAG0903,Bacteroidota,Bacteroidia,Bacteroidales,Bacteroidaceae,Prevotella,sp022771625
MAG0904,Pseudomonadota,Gammaproteobacteria,Pseudomonadales,Moraxellaceae,Psychrobacter,faecalis
MAG0906,Bacteroidota,Bacteroidia,Bacteroidales,Muribaculaceae,CAG-485,sp004553095
MAG0907,Bacillota,Negativicutes,Selenomonadales,Selenomonadaceae,Anaerovibrio,sp022786545
MAG0910,Bacteroidota,Bacteroidia,Bacteroidales,Muribaculaceae,SFTJ01,sp004557385
MAG0911,Bacteroidota,Bacteroidia,Bacteroidales,Bacteroidaceae,Alloprevotella,sp004552865
MAG0912,Bacillota,Bacilli,Lactobacillales,Streptococcaceae,Streptococcus,hyointestinalis
MAG0913,Bacillota,Peptococcia,Peptococcales,Peptococcaceae,UMGS1590,sp900759105
MAG0915,Bacillota,Clostridia,Lachnospirales,Lachnospiraceae,Blautia,sp018919065
MAG0916,Bacillota,Bacilli,Erysipelotrichales,Erysipelotrichaceae,UBA636,sp002299675
MAG0918,Bacteroidota,Bacteroidia,Bacteroidales,UBA932,Cryptobacteroides,sp945827785
MAG0920,Bacteroidota,Bacteroidia,Bacteroidales,Bacteroidaceae,Alloprevotella,sp004562975
MAG0922,Bacteroidota,Bacteroidia,Bacteroidales,Bacteroidaceae,Alloprevotella,sp004557185
MAG0923,Bacteroidota,Bacteroidia,Bacteroidales,Muribaculaceae,SFTJ01,sp004563195
MAG0924,Bacillota,Clostridia,Oscillospirales,Ruminococcaceae,Gemmiger,sp004561545
MAG0925,Bacillota,Clostridia,Oscillospirales,Oscillospiraceae,Limivicinus,sp003150355
MAG0928,Bacteroidota,Bacteroidia,Bacteroidales,Bacteroidaceae,Prevotella,sp
MAG0930,Bacillota,Clostridia,Christensenellales,CAG-138,Phil1,sp001940855
MAG0932,Bacillota,Clostridia,Oscillospirales,Oscillospiraceae,UBA738,sp004557735
MAG0933,Bacillota,Negativicutes,Selenomonadales,Selenomonadaceae,Mitsuokella,jalaludinii
MAG0936,Bacillota,Clostridia,Oscillospirales,CAG-272,CAG-390,sp003523225
MAG0937,Bacillota,Clostridia,Christensenellales,CAG-138,PeH17,sp000435055
MAG0939,Bacillota,Clostridia,Oscillospirales,Acutalibacteraceae,CAG-488,sp000434055
MAG0940,Campylobacterota,Campylobacteria,Campylobacterales,Campylobacteraceae,Campylobacter,sp945873855
MAG0941,Bacteroidota,Bacteroidia,Bacteroidales,Paludibacteraceae,RF16,sp016302585
MAG0942,Bacillota,Clostridia,Oscillospirales,Ruminococcaceae,Angelakisella,sp004554485
MAG0943,Bacillota,Clostridia,Oscillospirales,Acutalibacteraceae,UBA6857,sp
MAG0944,Bacillota,Negativicutes,Acidaminococcales,Acidaminococcaceae,Phascolarctobacterium,sp004558595
MAG0945,Bacillota,Clostridia,Oscillospirales,Oscillospiraceae,Dysosmobacter,sp
MAG0946,Bacillota,Clostridia,Oscillospirales,Acutalibacteraceae,Eubacterium,sp
MAG0949,Myxococcota,Bradymonadia,UBA4248,UBA4248,RGIG464,sp
MAG0950,Bacillota,Clostridia,Oscillospirales,Oscillospiraceae,Faecousia,sp
MAG0952,Bacteroidota,Bacteroidia,Bacteroidales,Bacteroidaceae,Alloprevotella,sp945869305
MAG0953,Bacillota,Clostridia,Oscillospirales,Acutalibacteraceae,UBA6857,sp022779945
MAG0954,Bacteroidota,Bacteroidia,Bacteroidales,Bacteroidaceae,Mediterranea,sp
MAG0955,Bacteroidota,Bacteroidia,Bacteroidales,Muribaculaceae,SFTJ01,sp004563195
MAG0956,Bacillota,Clostridia,Lachnospirales,Lachnospiraceae,W0P33-017,sp004562765
MAG0957,Bacillota,Bacilli,Erysipelotrichales,Erysipelotrichaceae,UBA1783,sp016302195
MAG0958,Desulfobacterota,Desulfovibrionia,Desulfovibrionales,Desulfovibrionaceae,Desulfovibrio,piger
MAG0962,Bacillota,Clostridia,Oscillospirales,Ruminococcaceae,CAG-115,sp
MAG0964,Spirochaetota,Spirochaetia,Treponematales,Treponemataceae,Treponema,porcinum
MAG0965,Bacteroidota,Bacteroidia,Bacteroidales,Muribaculaceae,SFTJ01,sp004563195
MAG0967,Bacteroidota,Bacteroidia,Bacteroidales,UBA932,Cryptobacteroides,sp004552115
MAG0968,Bacillota,Clostridia,Oscillospirales,Oscillospiraceae,Limivicinus,sp
MAG0972,Bacteroidota,Bacteroidia,Bacteroidales,Bacteroidaceae,Alloprevotella,sp004552155
MAG0973,Bacillota,Clostridia,Christensenellales,CAG-138,PeH17,sp900542285
MAG0974,Bacteroidota,Bacteroidia,Bacteroidales,Muribaculaceae,Sodaliphilus,sp004559845
MAG0975,Pseudomonadota,Alphaproteobacteria,Rs-D84,Rs-D84,Enterousia,sp900549365
MAG0976,Bacillota,Clostridia,Lachnospirales,Lachnospiraceae,Eubacterium,sp
MAG0977,Bacteroidota,Bacteroidia,Bacteroidales,Bacteroidaceae,Alloprevotella,sp004552865
MAG0979,Bacillota,Clostridia,Oscillospirales,Ruminococcaceae,Gemmiger,qucibialis
MAG0980,Bacillota,Clostridia,Oscillospirales,Oscillospiraceae,Faecousia,sp
MAG0982,Bacillota,Clostridia,Oscillospirales,Oscillospiraceae,Limivicinus,sp022787565
MAG0985,Bacteroidota,Bacteroidia,Bacteroidales,Bacteroidaceae,Alloprevotella,sp004552155
MAG0987,Pseudomonadota,Gammaproteobacteria,Enterobacterales,Enterobacteriaceae,Kluyvera,ascorbata
MAG0988,Bacillota,Clostridia,Oscillospirales,Ruminococcaceae,SFIE01,sp004555405
MAG0989,Bacteroidota,Bacteroidia,Bacteroidales,UBA932,Cryptobacteroides,sp004552115
MAG0990,Bacteroidota,Bacteroidia,Bacteroidales,Muribaculaceae,SFTJ01,sp004563195
MAG0992,Bacillota,Bacilli,Erysipelotrichales,Erysipelotrichaceae,UBA636,sp002299675
MAG0993,Bacillota,Clostridia,Christensenellales,CAG-74,spp,sp
MAG0996,Bacteroidota,Bacteroidia,Bacteroidales,Bacteroidaceae,Alloprevotella,sp004552865
MAG0997,Bacteroidota,Bacteroidia,Bacteroidales,Bacteroidaceae,Prevotella,sp004556065
MAG0998,Bacillota,Clostridia,Christensenellales,CAG-917,CAG-349,sp003539515
MAG1001,Bacillota,Clostridia,Oscillospirales,Oscillospiraceae,Faecousia,sp016296045
MAG1004,Bacillota,Clostridia,Oscillospirales,Oscillospiraceae,Faecousia,sp
MAG1005,Bacteroidota,Bacteroidia,Bacteroidales,Bacteroidaceae,UBA4372,sp900766785
MAG1006,Bacteroidota,Bacteroidia,Bacteroidales,UBA3663,UBA3663,sp004557315
MAG1010,Bacillota,Clostridia,Oscillospirales,Ruminococcaceae,HUN007,sp945876405
MAG1015,Bacillota,Clostridia,Oscillospirales,Oscillospiraceae,Faecousia,sp
MAG1016,Bacillota,Clostridia,TANB77,CAG-465,CAG-465,sp
MAG1017,Bacillota,Clostridia,Oscillospirales,Oscillospiraceae,UBA738,sp004557735
MAG1021,Bacillota,Clostridia,Oscillospirales,UBA644,UBA644,sp002299265
MAG1022,Bacillota,Clostridia,Oscillospirales,Oscillospiraceae,Vescimonas,sp003487665
MAG1025,Campylobacterota,Campylobacteria,Campylobacterales,Campylobacteraceae,Campylobacter,sp945873855
MAG1026,Spirochaetota,Spirochaetia,Sphaerochaetales,Sphaerochaetaceae,Ornithospirochaeta,sp016302165
MAG1027,Bacillota,Clostridia,Christensenellales,CAG-74,SFMI01,sp004556155
MAG1028,Bacillota,Clostridia,Oscillospirales,Oscillospiraceae,Limivicinus,sp022782265
MAG1030,Bacillota,Clostridia,Christensenellales,CAG-138,SFEL01,sp004557245
MAG1031,Bacillota,Clostridia,Lachnospirales,Lachnospiraceae,Butyrivibrio,sp
MAG1032,Bacteroidota,Bacteroidia,Bacteroidales,UBA932,Egerieousia,sp004561775
MAG1034,Bacteroidota,Bacteroidia,Bacteroidales,Bacteroidaceae,Alloprevotella,sp004552155
MAG1035,Bacteroidota,Bacteroidia,Bacteroidales,Muribaculaceae,Sodaliphilus,sp004559845
MAG1036,Bacteroidota,Bacteroidia,Bacteroidales,Bacteroidaceae,Alloprevotella,sp004555425
MAG1037,Bacillota,Clostridia,Oscillospirales,Ruminococcaceae,HUN007,sp945876405
MAG1040,Bacillota,Bacilli,RF39,UBA660,RUG705,sp934098395
MAG1042,Bacteroidota,Bacteroidia,Bacteroidales,Bacteroidaceae,UBA4372,sp004559785
MAG1045,Bacillota,Clostridia,Oscillospirales,Acutalibacteraceae,Ruminococcus,bovis
MAG1046,Bacillota,Clostridia,Oscillospirales,Oscillospiraceae,UBA738,sp004557735
MAG1047,Bacillota,Clostridia,Oscillospirales,Ruminococcaceae,Faecivivens,sp
MAG1051,Bacillota,Clostridia,Christensenellales,CAG-74,Ventricola,sp004557905
MAG1053,Campylobacterota,Campylobacteria,Campylobacterales,Campylobacteraceae,Campylobacter,sp945873855
MAG1054,Bacillota,Clostridia,TANB77,CAG-508,CAG-269,sp900551615
MAG1056,Bacillota,Clostridia,Oscillospirales,Oscillospiraceae,UBA738,sp004557735
MAG1057,Bacillota,Dehalobacteriia,UBA7702,UBA7702,UBA7702,sp
MAG1058,Bacillota,Clostridia,Oscillospirales,Oscillospiraceae,Dysosmobacter,sp
MAG1059,Bacteroidota,Bacteroidia,Bacteroidales,UBA932,Egerieousia,sp004561775
MAG1061,Bacteroidota,Bacteroidia,Bacteroidales,Bacteroidaceae,Prevotella,sp900543975
MAG1063,Bacillota,Clostridia,Oscillospirales,Ruminococcaceae,Faecivivens,sp
MAG1064,Bacillota,Clostridia,Oscillospirales,Ruminococcaceae,Faecalibacterium,sp003449675
MAG1066,Bacillota,Clostridia,Oscillospirales,Oscillospiraceae,Faecousia,sp
MAG1067,Bacillota,Bacilli,RF39,UBA660,CAG-1000,sp934090685
MAG1068,Bacillota,Clostridia,Oscillospirales,Acutalibacteraceae,Ruminococcus,sp022779485
MAG1070,Bacteroidota,Bacteroidia,Bacteroidales,UBA932,Cryptobacteroides,sp945868745
MAG1073,Pseudomonadota,Gammaproteobacteria,Enterobacterales,Enterobacteriaceae,Klebsiella,pneumoniae
MAG1074,Actinomycetota,Coriobacteriia,Coriobacteriales,QAMH01,W2P13-069,sp004553405
MAG1075,Bacillota,Clostridia,Lachnospirales,Lachnospiraceae,Agathobacter,sp
MAG1079,Bacteroidota,Bacteroidia,Bacteroidales,Bacteroidaceae,Alloprevotella,sp004555425
MAG1083,Bacteroidota,Bacteroidia,Bacteroidales,Muribaculaceae,SFTJ01,sp004563195
MAG1084,Bacteroidota,Bacteroidia,Bacteroidales,Bacteroidaceae,Alloprevotella,sp004552865
MAG1085,Bacteroidota,Bacteroidia,Bacteroidales,Muribaculaceae,SFTJ01,sp004557385
MAG1087,Spirochaetota,Spirochaetia,Treponematales,Treponemataceae,Treponema,sp016293005
MAG1089,Bacillota,Clostridia,Oscillospirales,Oscillospiraceae,UBA738,sp004557735
MAG1091,Spirochaetota,Spirochaetia,Sphaerochaetales,Sphaerochaetaceae,Bullifex,sp022788185
MAG1092,Bacteroidota,Bacteroidia,Bacteroidales,Tannerellaceae,Parabacteroides,sp
MAG1093,Bacillota,Clostridia,Oscillospirales,Oscillospiraceae,Faecousia,sp
MAG1094,Bacteroidota,Bacteroidia,Bacteroidales,Bacteroidaceae,Prevotella,sp945637645
MAG1095,Verrucomicrobiota,Kiritimatiellia,RFP12,UBA1067,UBA1067,sp
MAG1096,Bacillota,Clostridia,TANB77,CAG-465,CAG-465,sp
MAG1098,Bacillota,Clostridia,Christensenellales,CAG-74,Ventricola,sp
MAG1100,Bacillota,Clostridia,Oscillospirales,Acutalibacteraceae,RUG592,sp
MAG1101,Bacillota,Clostridia,Oscillospirales,Acutalibacteraceae,UBA6857,sp022779945
MAG1102,Bacillota,Clostridia,Oscillospirales,Ruminococcaceae,UMGS1668,sp004556975
MAG1105,Bacillota,Bacilli,Lactobacillales,Streptococcaceae,Streptococcus,suis
MAG1106,Bacillota,Bacilli,Lactobacillales,Lactobacillaceae,Lactobacillus,johnsonii
MAG1107,Bacteroidota,Bacteroidia,Bacteroidales,UBA932,Egerieousia,sp004561775
MAG1108,Bacillota,Clostridia,Oscillospirales,Oscillospiraceae,Faecousia,sp
MAG1116,Bacillota,Negativicutes,Veillonellales,Veillonellaceae,Veillonella,criceti
MAG1119,Bacteroidota,Bacteroidia,Bacteroidales,Muribaculaceae,Sodaliphilus,sp004559845
MAG1121,Bacillota,Bacilli,Lactobacillales,Streptococcaceae,Streptococcus,hyovaginalis
MAG1124,Bacillota,Clostridia,Christensenellales,CAG-74,Ventricola,sp022776785
MAG1126,Bacteroidota,Bacteroidia,Bacteroidales,Muribaculaceae,CAG-485,sp
MAG1128,Bacillota,Clostridia,Lachnospirales,Lachnospiraceae,JAGZHZ01,sp022788205
MAG1129,Bacillota,Negativicutes,Acidaminococcales,Acidaminococcaceae,Phascolarctobacterium,sp004558595
MAG1134,Pseudomonadota,Alphaproteobacteria,Rs-D84,Rs-D84,Enterousia,sp016301865
MAG1135,Bacillota,Clostridia,TANB77,CAG-508,UMGS1663,sp
MAG1136,Patescibacteria,Saccharimonadia,Saccharimonadales,Nanosyncoccaceae,Nanosyncoccus,sp934700415
MAG1139,Actinomycetota,Coriobacteriia,Coriobacteriales,Eggerthellaceae,W1P20-047,sp004555335
MAG1140,Bacillota,Clostridia,HGM11327,HGM11327,SIG351,sp
MAG1141,Bacillota,Clostridia,Oscillospirales,Ruminococcaceae,UMGS1889,sp
MAG1142,Bacteroidota,Bacteroidia,Bacteroidales,Muribaculaceae,SFTJ01,sp004563195
MAG1143,Bacillota,Clostridia,Oscillospirales,Oscillospiraceae,F23-B02,sp016292445
MAG1145,Bacillota,Clostridia,Oscillospirales,Acutalibacteraceae,spp,sp
MAG1147,Spirochaetota,Spirochaetia,Sphaerochaetales,Sphaerochaetaceae,Ornithospirochaeta,sp016302165
MAG1150,Bacteroidota,Bacteroidia,Bacteroidales,UBA932,Cryptobacteroides,sp004554455
MAG1151,Desulfobacterota,Desulfovibrionia,Desulfovibrionales,Desulfovibrionaceae,Desulfovibrio,sp900556755
MAG1152,Bacillota,Clostridia,Oscillospirales,Oscillospiraceae,Faecousia,sp900546415
MAG1155,Bacillota,Bacilli,Lactobacillales,Lactobacillaceae,Limosilactobacillus,mucosae
MAG1156,Bacteroidota,Bacteroidia,Bacteroidales,Muribaculaceae,SFTJ01,sp004563195